Workbook
Name AllPoints: All!$B:$D
Name Data: Lookups!$1:$10
Name DIstanceMultiplier: Lookups!$A$14
Name FullLap: Lookups!$A$13
Name Lane1Max: Lookups!$J$2
Name Lane2Max: Lookups!$J$3
Name Lane3Max: Lookups!$J$4
Name Lane4Max: Lookups!$J$5
Name Lane5Max: Lookups!$J$6
Name Lane6Max: Lookups!$J$7
Name Lane7Max: Lookups!$J$8
Name Lane8Max: Lookups!$J$9
Name Lane9Max: Lookups!$J$10
Name OutRadius: Lookups!$B$10
Name Radius: Lookups!$B$2
Name Straight: Lookups!$A$12

Sheet Plan
S2: Measure | U2: X | V2: Y
S3: From: | T3: C | U3: =IFERROR(VLOOKUP(T3,AllPoints,2,FALSE),0) -> 0 | V3: =IFERROR(VLOOKUP(T3,AllPoints,3,FALSE),0) -> -38.99
S4: To: | T4: H-1-6 | U4: =IFERROR(VLOOKUP(T4,AllPoints,2,FALSE),0) -> 120.35709 | V4: =IFERROR(VLOOKUP(T4,AllPoints,3,FALSE),0) -> 11.988337
S5: Distance: | T5: =SQRT((U4-U3)^2+(V4-V3)^2) -> 130.70815 | U5: =ABS(U4-U3) -> 120.35709 | V5: =ABS(V4-V3) -> 50.978337

Sheet All
A1: Sheet | B1: Label | C1: X | D1: Y
A2: Landmarks | B2: =Landmarks!A3 -> X | C2: =Landmarks!B3 -> 0 | D2: =Landmarks!C3 -> 0
A3: Landmarks | B3: =Landmarks!A4 -> Y | C3: =Landmarks!B4 -> 76.89 | D3: =Landmarks!C4 -> 0
A4: Landmarks | B4: =Landmarks!A5 -> A | C4: =Landmarks!B5 -> 0 | D4: =Landmarks!C5 -> 38.99
A5: Landmarks | B5: =Landmarks!A6 -> B | C5: =Landmarks!B6 -> 76.89 | D5: =Landmarks!C6 -> 38.99
A6: Landmarks | B6: =Landmarks!A7 -> C | C6: =Landmarks!B7 -> 0 | D6: =Landmarks!C7 -> -38.99
A7: Landmarks | B7: =Landmarks!A8 -> D | C7: =Landmarks!B8 -> 76.89 | D7: =Landmarks!C8 -> -38.99
A8: Landmarks | B8: =Landmarks!A9 -> DH (SP2) | C8: =Landmarks!B9 -> 50.93 | D8: =Landmarks!C9 -> 33.19
A9: Landmarks | B9: =Landmarks!A10 -> DH (SP6) | C9: =Landmarks!B10 -> -28.62 | D9: =Landmarks!C10 -> 12.11
A10: Landmarks | B10: =Landmarks!A11 -> DH (SP7) | C10: =Landmarks!B11 -> -33.34 | D10: =Landmarks!C11 -> 0.5
A11: Landmarks | B11: =Landmarks!A12 -> NIP (A) | C11: =Landmarks!B12 -> 0 | D11: =Landmarks!C12 -> 50.59
A12: Landmarks | B12: =Landmarks!A13 -> NIP (B) | C12: =Landmarks!B13 -> 76.89 | D12: =Landmarks!C13 -> 49.53
A13: Landmarks | B13: =Landmarks!A14 -> NIP (C) | C13: =Landmarks!B14 -> 0 | D13: =Landmarks!C14 -> -49.81
... A22: Landmarks | B22: =Landmarks!A23 -> NIP (HS2) | C22: =Landmarks!B23 -> -23.11 | D22: =Landmarks!C23 -> -48.75
A24: Starts | B24: =Starts!A3 -> 200-1 | C24: =Starts!D3 -> -4.7748979e-15 | D24: =Starts!E3 -> 38.99
A25: Starts | B25: =Starts!A4 -> 200-2 | C25: =Starts!D4 -> -3.8080583 | D25: =Starts!E4 -> 40.029274
A26: Starts | B26: =Starts!A5 -> 200-3 | C26: =Starts!D5 -> -7.5856238 | D26: =Starts!E5 -> 40.729636
A27: Starts | B27: =Starts!A6 -> 200-4 | C27: =Starts!D6 -> -11.307712 | D27: =Starts!E6 -> 41.123693
A28: Starts | B28: =Starts!A7 -> 200-5 | C28: =Starts!D7 -> -14.955434 | D28: =Starts!E7 -> 41.242113
A29: Starts | B29: =Starts!A8 -> 200-6 | C29: =Starts!D8 -> -18.514837 | D29: =Starts!E8 -> 41.113366
A30: Starts | B30: =Starts!A9 -> 200-7 | C30: =Starts!D9 -> -21.975939 | D30: =Starts!E9 -> 40.763638
A31: Starts | B31: =Starts!A10 -> 200-8 | C31: =Starts!D10 -> -25.331933 | D31: =Starts!E10 -> 40.216838
A33: Starts | B33: =Starts!F3 -> 400-1 | C33: =Starts!I3 -> 76.89 | D33: =Starts!J3 -> -38.99
A34: Starts | B34: =Starts!F4 -> 400-2 | C34: =Starts!I4 -> 84.471886 | D34: =Starts!J4 -> -39.488721
A35: Starts | B35: =Starts!F5 -> 400-3 | C35: =Starts!I5 -> 91.804781 | D35: =Starts!J5 -> -38.652221
A36: Starts | B36: =Starts!F6 -> 400-4 | C36: =Starts!I6 -> 98.69609 | D36: =Starts!J6 -> -36.654017
A37: Starts | B37: =Starts!F7 -> 400-5 | C37: =Starts!I7 -> 105.00916 | D37: =Starts!J7 -> -33.673282
A38: Starts | B38: =Starts!F8 -> 400-6 | C38: =Starts!I8 -> 110.65391 | D38: =Starts!J8 -> -29.88489
A39: Starts | B39: =Starts!F9 -> 400-7 | C39: =Starts!I9 -> 115.57794 | D39: =Starts!J9 -> -25.453084
A40: Starts | B40: =Starts!F10 -> 400-8 | C40: =Starts!I10 -> 119.75851 | D40: =Starts!J10 -> -20.527819
A42: Starts | B42: =Starts!K3 -> 800-S-1 | C42: =Starts!N3 -> 76.89 | D42: =Starts!O3 -> -38.99
A43: Starts | B43: =Starts!K4 -> 800-S-2 | C43: =Starts!N4 -> 80.698058 | D43: =Starts!O4 -> -40.029274
A44: Starts | B44: =Starts!K5 -> 800-S-3 | C44: =Starts!N5 -> 84.485407 | D44: =Starts!O5 -> -40.727812
A45: Starts | B45: =Starts!K6 -> 800-S-4 | C45: =Starts!N6 -> 88.216905 | D45: =Starts!O6 -> -41.118411
A46: Starts | B46: =Starts!K7 -> 800-S-5 | C46: =Starts!N7 -> 91.938979 | D46: =Starts!O7 -> -41.208071
A47: Starts | B47: =Starts!K8 -> 800-S-6 | C47: =Starts!N8 -> 95.595271 | D47: =Starts!O8 -> -41.027075
A48: Starts | B48: =Starts!K9 -> 800-S-7 | C48: =Starts!N9 -> 99.14588 | D48: =Starts!O9 -> -40.611475
A49: Starts | B49: =Starts!K10 -> 800-S-8 | C49: =Starts!N10 -> 102.58321 | D49: =Starts!O10 -> -39.986994
A50: Starts | B50: =Starts!K11 -> 800-B-1 | C50: =Starts!N11 -> 76.89 | D50: =Starts!O11 -> 38.99
A51: Starts | B51: =Starts!K12 -> 800-B-2 | C51: =Starts!N12 -> 76.89 | D51: =Starts!O12 -> 40.21
A52: Starts | B52: =Starts!K13 -> 800-B-3 | C52: =Starts!N13 -> 76.88 | D52: =Starts!O13 -> 41.43
A53: Starts | B53: =Starts!K14 -> 800-B-4 | C53: =Starts!N14 -> 76.87 | D53: =Starts!O14 -> 42.65
... A58: Starts | B58: =Starts!K19 -> 800-B-9 | C58: =Starts!N19 -> 76.33 | D58: =Starts!O19 -> 48.75
A60: Starts | B60: =Starts!U3 -> 1500-1 | C60: =Starts!X3 -> 98.57624 | D60: =Starts!Y3 -> 32.402579
A61: Starts | B61: =Starts!U4 -> 1500-2 | C61: =Starts!X4 -> 99.109192 | D61: =Starts!Y4 -> 33.513454
A62: Starts | B62: =Starts!U5 -> 1500-3 | C62: =Starts!X5 -> 99.503065 | D62: =Starts!Y5 -> 34.714466
A63: Starts | B63: =Starts!U6 -> 1500-4 | C63: =Starts!X6 -> 99.752803 | D63: =Starts!Y6 -> 36.004371
A64: Starts | B64: =Starts!U7 -> 1500-5 | C64: =Starts!X7 -> 99.91485 | D64: =Starts!Y7 -> 37.34211
A65: Starts | B65: =Starts!U8 -> 1500-6 | C65: =Starts!X8 -> 100.01316 | D65: =Starts!Y8 -> 38.709527
A66: Starts | B66: =Starts!U9 -> 1500-7 | C66: =Starts!X9 -> 99.960397 | D66: =Starts!Y9 -> 40.154363
A67: Starts | B67: =Starts!U10 -> 1500-8 | C67: =Starts!X10 -> 99.761628 | D67: =Starts!Y10 -> 41.665208
A68: Starts | B68: =Starts!U11 -> 1500-9 | C68: =Starts!X11 -> 99.377915 | D68: =Starts!Y11 -> 43.253395
A70: Starts | B70: =Starts!P3 -> 3000-1 | C70: =Starts!S3 -> -4.7748979e-15 | D70: =Starts!T3 -> 38.99
A71: Starts | B71: =Starts!P4 -> 3000-2 | C71: =Starts!S4 -> -0.17090853 | D71: =Starts!T4 -> 40.209637
A72: Starts | B72: =Starts!P5 -> 3000-3 | C72: =Starts!S5 -> -0.52196853 | D72: =Starts!T5 -> 41.426712
A73: Starts | B73: =Starts!P6 -> 3000-4 | C73: =Starts!S6 -> -1.0323031 | D73: =Starts!T6 -> 42.637505
A74: Starts | B74: =Starts!P7 -> 3000-5 | C74: =Starts!S7 -> -1.6321688 | D74: =Starts!T7 -> 43.839627
A75: Starts | B75: =Starts!P8 -> 3000-6 | C75: =Starts!S8 -> -2.3412883 | D75: =Starts!T8 -> 45.029174
A76: Starts | B76: =Starts!P9 -> 3000-7 | C76: =Starts!S9 -> -3.1593634 | D76: =Starts!T9 -> 46.202105
A77: Starts | B77: =Starts!P10 -> 3000-8 | C77: =Starts!S10 -> -4.1157164 | D77: =Starts!T10 -> 47.351471
A78: Starts | B78: =Starts!P11 -> 3000-9 | C78: =Starts!S11 -> -5.2392856 | D78: =Starts!T11 -> 48.467643
A80: Relays | B80: =Relays!A3 -> R-S-1-1 | C80: =Relays!D3 -> 111.64066 | D80: =Relays!E3 -> 17.680829
A81: Relays | B81: =Relays!A4 -> R-S-1-2 | C81: =Relays!D4 -> 110.10587 | D81: =Relays!E4 -> 22.661644
A82: Relays | B82: =Relays!A5 -> R-S-1-3 | C82: =Relays!D5 -> 108.05723 | D82: =Relays!E5 -> 27.295576
A83: Relays | B83: =Relays!A6 -> R-S-1-4 | C83: =Relays!D6 -> 105.58016 | D83: =Relays!E6 -> 31.557839
A84: Relays | B84: =Relays!A7 -> R-S-1-5 | C84: =Relays!D7 -> 102.75141 | D84: =Relays!E7 -> 35.436765
A85: Relays | B85: =Relays!A8 -> R-S-1-6 | C85: =Relays!D8 -> 99.639036 | D85: =Relays!E8 -> 38.930572
A86: Relays | B86: =Relays!A9 -> R-S-1-7 | C86: =Relays!D9 -> 96.302699 | D86: =Relays!E9 -> 42.044776
A87: Relays | B87: =Relays!A10 -> R-S-1-8 | C87: =Relays!D10 -> 92.794242 | D87: =Relays!E10 -> 44.790133
A88: Relays | B88: =Relays!A11 -> R-M-1-1 | C88: =Relays!D11 -> 98.57624 | D88: =Relays!E11 -> 32.402579
A89: Relays | B89: =Relays!A12 -> R-M-1-2 | C89: =Relays!D12 -> 95.356535 | D89: =Relays!E12 -> 35.718779
A90: Relays | B90: =Relays!A13 -> R-M-1-3 | C90: =Relays!D13 -> 91.914327 | D90: =Relays!E13 -> 38.609772
A91: Relays | B91: =Relays!A14 -> R-M-1-4 | C91: =Relays!D14 -> 88.310963 | D91: =Relays!E14 -> 41.092385
... A103: Relays | B103: =Relays!A26 -> R-E-1-8 | C103: =Relays!D26 -> 63.175307 | D103: =Relays!E26 -> 47.53
A105: Relays | B105: =Relays!F3 -> R-S-2-1 | C105: =Relays!I3 -> 20 | D105: =Relays!J3 -> 38.99
A106: Relays | B106: =Relays!F4 -> R-S-2-2 | C106: =Relays!I4 -> 16.167257 | D106: =Relays!J4 -> 40.21
A107: Relays | B107: =Relays!F5 -> R-S-2-3 | C107: =Relays!I5 -> 12.334514 | D107: =Relays!J5 -> 41.43
A108: Relays | B108: =Relays!F6 -> R-S-2-4 | C108: =Relays!I6 -> 8.5017709 | D108: =Relays!J6 -> 42.65
A109: Relays | B109: =Relays!F7 -> R-S-2-5 | C109: =Relays!I7 -> 4.6690279 | D109: =Relays!J7 -> 43.87
A110: Relays | B110: =Relays!F8 -> R-S-2-6 | C110: =Relays!I8 -> 0.83628481 | D110: =Relays!J8 -> 45.09
A111: Relays | B111: =Relays!F9 -> R-S-2-7 | C111: =Relays!I9 -> -2.9815094 | D111: =Relays!J9 -> 46.213923
A112: Relays | B112: =Relays!F10 -> R-S-2-8 | C112: =Relays!I10 -> -6.7774056 | D112: =Relays!J10 -> 47.044316
A113: Relays | B113: =Relays!F11 -> R-M-2-1 | C113: =Relays!I11 -> -4.7748979e-15 | D113: =Relays!J11 -> 38.99
A114: Relays | B114: =Relays!F12 -> R-M-2-2 | C114: =Relays!I12 -> -3.8080583 | D114: =Relays!J12 -> 40.029274
A115: Relays | B115: =Relays!F13 -> R-M-2-3 | C115: =Relays!I13 -> -7.5856238 | D115: =Relays!J13 -> 40.729636
A116: Relays | B116: =Relays!F14 -> R-M-2-4 | C116: =Relays!I14 -> -11.307712 | D116: =Relays!J14 -> 41.123693
... A128: Relays | B128: =Relays!F26 -> R-E-2-8 | C128: =Relays!I26 -> -33.142385 | D128: =Relays!J26 -> 34.068802
A130: Relays | B130: =Relays!K3 -> R-S-3-1 | C130: =Relays!N3 -> -34.75066 | D130: =Relays!O3 -> -17.680829
A131: Relays | B131: =Relays!K4 -> R-S-3-2 | C131: =Relays!N4 -> -35.212733 | D131: =Relays!O4 -> -19.414106
A132: Relays | B132: =Relays!K5 -> R-S-3-3 | C132: =Relays!N5 -> -35.63804 | D132: =Relays!O5 -> -21.127588
A133: Relays | B133: =Relays!K6 -> R-S-3-4 | C133: =Relays!N6 -> -36.0303 | D133: =Relays!O6 -> -22.821919
A134: Relays | B134: =Relays!K7 -> R-S-3-5 | C134: =Relays!N7 -> -36.392785 | D134: =Relays!O7 -> -24.497798
A135: Relays | B135: =Relays!K8 -> R-S-3-6 | C135: =Relays!N8 -> -36.72838 | D135: =Relays!O8 -> -26.155959
A136: Relays | B136: =Relays!K9 -> R-S-3-7 | C136: =Relays!N9 -> -37.039639 | D136: =Relays!O9 -> -27.797145
A137: Relays | B137: =Relays!K10 -> R-S-3-8 | C137: =Relays!N10 -> -37.328823 | D137: =Relays!O10 -> -29.422098
A138: Relays | B138: =Relays!K11 -> R-M-3-1 | C138: =Relays!N11 -> -21.68624 | D138: =Relays!O11 -> -32.402579
A139: Relays | B139: =Relays!K12 -> R-M-3-2 | C139: =Relays!N12 -> -21.766257 | D139: =Relays!O12 -> -33.80938
A140: Relays | B140: =Relays!K13 -> R-M-3-3 | C140: =Relays!N13 -> -21.839598 | D140: =Relays!O13 -> -35.206205
A141: Relays | B141: =Relays!K14 -> R-M-3-4 | C141: =Relays!N14 -> -21.906988 | D141: =Relays!O14 -> -36.593803
... A153: Relays | B153: =Relays!K26 -> R-E-3-8 | C153: =Relays!N26 -> -12.895851 | D153: =Relays!O26 -> -45.747108
...

Sheet Distances
A1: From | B1: From X | C1: From Y | D1: To | E1: To X | F1: To Y | G1: Distance | H1: From Survey | I1: Delta
A3: Page 2 - Tracks and Starts
A4: =Landmarks!A9 -> DH (SP2) | B4: =Landmarks!B9 -> 50.93 | C4: =Landmarks!C9 -> 33.19 | D4: =Starts!A3 -> 200-1 | E4: =Starts!D3 -> -4.7748979e-15 | F4: =Starts!E3 -> 38.99 | G4: =SQRT((E4-B4)^2+(F4-C4)^2) -> 51.259193 | H4: 51.26 | I4: =G4-H4 -> -0.00080667822
A5: =Landmarks!A9 -> DH (SP2) | B5: =Landmarks!B9 -> 50.93 | C5: =Landmarks!C9 -> 33.19 | D5: =Starts!A4 -> 200-2 | E5: =Starts!D4 -> -3.8080583 | F5: =Starts!E4 -> 40.029274 | G5: =SQRT((E5-B5)^2+(F5-C5)^2) -> 55.163672 | H5: 55.17 | I5: =G5-H5 -> -0.0063280844
A6: =Landmarks!A9 -> DH (SP2) | B6: =Landmarks!B9 -> 50.93 | C6: =Landmarks!C9 -> 33.19 | D6: =Starts!A5 -> 200-3 | E6: =Starts!D5 -> -7.5856238 | F6: =Starts!E5 -> 40.729636 | G6: =SQRT((E6-B6)^2+(F6-C6)^2) -> 58.999359 | H6: 59 | I6: =G6-H6 -> -0.00064125808
A7: =Landmarks!A12 -> NIP (A) | B7: =Landmarks!B12 -> 0 | C7: =Landmarks!C12 -> 50.59 | D7: =Starts!A6 -> 200-4 | E7: =Starts!D6 -> -11.307712 | F7: =Starts!E6 -> 41.123693 | G7: =SQRT((E7-B7)^2+(F7-C7)^2) -> 14.747044 | H7: 14.75 | I7: =G7-H7 -> -0.0029558982
A8: =Landmarks!A12 -> NIP (A) | B8: =Landmarks!B12 -> 0 | C8: =Landmarks!C12 -> 50.59 | D8: =Starts!A7 -> 200-5 | E8: =Starts!D7 -> -14.955434 | F8: =Starts!E7 -> 41.242113 | G8: =SQRT((E8-B8)^2+(F8-C8)^2) -> 17.636553 | H8: 17.64 | I8: =G8-H8 -> -0.0034469607
A9: =Landmarks!A12 -> NIP (A) | B9: =Landmarks!B12 -> 0 | C9: =Landmarks!C12 -> 50.59 | D9: =Starts!A8 -> 200-6 | E9: =Starts!D8 -> -18.514837 | F9: =Starts!E8 -> 41.113366 | G9: =SQRT((E9-B9)^2+(F9-C9)^2) -> 20.799177 | H9: 20.8 | I9: =G9-H9 -> -0.00082250281
A10: =Landmarks!A12 -> NIP (A) | B10: =Landmarks!B12 -> 0 | C10: =Landmarks!C12 -> 50.59 | D10: =Starts!A9 -> 200-7 | E10: =Starts!D9 -> -21.975939 | F10: =Starts!E9 -> 40.763638 | G10: =SQRT((E10-B10)^2+(F10-C10)^2) -> 24.072791 | H10: 24.1 | I10: =G10-H10 -> -0.02720902
A11: =Landmarks!A12 -> NIP (A) | B11: =Landmarks!B12 -> 0 | C11: =Landmarks!C12 -> 50.59 | D11: =Starts!A10 -> 200-8 | E11: =Starts!D10 -> -25.331933 | F11: =Starts!E10 -> 40.216838 | G11: =SQRT((E11-B11)^2+(F11-C11)^2) -> 27.373515 | H11: 27.37 | I11: =G11-H11 -> 0.0035149926
A12: =Landmarks!A9 -> DH (SP2) | B12: =Landmarks!B9 -> 50.93 | C12: =Landmarks!C9 -> 33.19 | D12: =Starts!P3 -> 3000-1 | E12: =Starts!S3 -> -4.7748979e-15 | F12: =Starts!T3 -> 38.99 | G12: =SQRT((E12-B12)^2+(F12-C12)^2) -> 51.259193 | H12: 51.26 | I12: =G12-H12 -> -0.00080667822
A13: =Landmarks!A9 -> DH (SP2) | B13: =Landmarks!B9 -> 50.93 | C13: =Landmarks!C9 -> 33.19 | D13: =Starts!P4 -> 3000-2 | E13: =Starts!S4 -> -0.17090853 | F13: =Starts!T4 -> 40.209637 | G13: =SQRT((E13-B13)^2+(F13-C13)^2) -> 51.580792 | H13: 51.58 | I13: =G13-H13 -> 0.00079248752
A14: =Landmarks!A9 -> DH (SP2) | B14: =Landmarks!B9 -> 50.93 | C14: =Landmarks!C9 -> 33.19 | D14: =Starts!P5 -> 3000-3 | E14: =Starts!S5 -> -0.52196853 | F14: =Starts!T5 -> 41.426712 | G14: =SQRT((E14-B14)^2+(F14-C14)^2) -> 52.107087 | H14: 52.11 | I14: =G14-H14 -> -0.0029132776
A15: =Landmarks!A9 -> DH (SP2) | B15: =Landmarks!B9 -> 50.93 | C15: =Landmarks!C9 -> 33.19 | D15: =Starts!P6 -> 3000-4 | E15: =Starts!S6 -> -1.0323031 | F15: =Starts!T6 -> 42.637505 | G15: =SQRT((E15-B15)^2+(F15-C15)^2) -> 52.814168 | H15: 52.81 | I15: =G15-H15 -> 0.0041675905
A16: =Landmarks!A9 -> DH (SP2) | B16: =Landmarks!B9 -> 50.93 | C16: =Landmarks!C9 -> 33.19 | D16: =Starts!P7 -> 3000-5 | E16: =Starts!S7 -> -1.6321688 | F16: =Starts!T7 -> 43.839627 | G16: =SQRT((E16-B16)^2+(F16-C16)^2) -> 53.63018 | H16: 53.63 | I16: =G16-H16 -> 0.00017950198
A17: =Landmarks!A9 -> DH (SP2) | B17: =Landmarks!B9 -> 50.93 | C17: =Landmarks!C9 -> 33.19 | D17: =Starts!P8 -> 3000-6 | E17: =Starts!S8 -> -2.3412883 | F17: =Starts!T8 -> 45.029174 | G17: =SQRT((E17-B17)^2+(F17-C17)^2) -> 54.57102 | H17: 54.57 | I17: =G17-H17 -> 0.0010196482
A18: =Landmarks!A9 -> DH (SP2) | B18: =Landmarks!B9 -> 50.93 | C18: =Landmarks!C9 -> 33.19 | D18: =Starts!P9 -> 3000-7 | E18: =Starts!S9 -> -3.1593634 | F18: =Starts!T9 -> 46.202105 | G18: =SQRT((E18-B18)^2+(F18-C18)^2) -> 55.632492 | H18: 55.63 | I18: =G18-H18 -> 0.0024915426
A19: =Landmarks!A9 -> DH (SP2) | B19: =Landmarks!B9 -> 50.93 | C19: =Landmarks!C9 -> 33.19 | D19: =Starts!P10 -> 3000-8 | E19: =Starts!S10 -> -4.1157164 | F19: =Starts!T10 -> 47.351471 | G19: =SQRT((E19-B19)^2+(F19-C19)^2) -> 56.838175 | H19: 56.84 | I19: =G19-H19 -> -0.001824896
A20: =Landmarks!A9 -> DH (SP2) | B20: =Landmarks!B9 -> 50.93 | C20: =Landmarks!C9 -> 33.19 | D20: =Starts!P11 -> 3000-9 | E20: =Starts!S11 -> -5.2392856 | F20: =Starts!T11 -> 48.467643 | G20: =SQRT((E20-B20)^2+(F20-C20)^2) -> 58.209922 | H20: 58.21 | I20: =G20-H20 -> -7.809167e-05
A21: =Landmarks!A9 -> DH (SP2) | B21: =Landmarks!B9 -> 50.93 | C21: =Landmarks!C9 -> 33.19 | D21: =Starts!K11 -> 800-B-1 | E21: =Starts!N11 -> 76.89 | F21: =Starts!O11 -> 38.99 | G21: =SQRT((E21-B21)^2+(F21-C21)^2) -> 26.60003 | H21: 26.6 | I21: =G21-H21 -> 3.0075171e-05
A22: =Landmarks!A9 -> DH (SP2) | B22: =Landmarks!B9 -> 50.93 | C22: =Landmarks!C9 -> 33.19 | D22: =Starts!K12 -> 800-B-2 | E22: =Starts!N12 -> 76.89 | F22: =Starts!O12 -> 40.21 | G22: =SQRT((E22-B22)^2+(F22-C22)^2) -> 26.892415 | H22: 26.89 | I22: =G22-H22 -> 0.0024152876
A23: =Landmarks!A9 -> DH (SP2) | B23: =Landmarks!B9 -> 50.93 | C23: =Landmarks!C9 -> 33.19 | D23: =Starts!K13 -> 800-B-3 | E23: =Starts!N13 -> 76.88 | F23: =Starts!O13 -> 41.43 | G23: =SQRT((E23-B23)^2+(F23-C23)^2) -> 27.226827 | H23: 27.21 | I23: =G23-H23 -> 0.016826844
A24: =Landmarks!A9 -> DH (SP2) | B24: =Landmarks!B9 -> 50.93 | C24: =Landmarks!C9 -> 33.19 | D24: =Starts!K14 -> 800-B-4 | E24: =Starts!N14 -> 76.87 | F24: =Starts!O14 -> 42.65 | G24: =SQRT((E24-B24)^2+(F24-C24)^2) -> 27.611143 | H24: 27.64 | I24: =G24-H24 -> -0.028857322
A25: =Landmarks!A9 -> DH (SP2) | B25: =Landmarks!B9 -> 50.93 | C25: =Landmarks!C9 -> 33.19 | D25: =Starts!K16 -> 800-B-6 | E25: =Starts!N16 -> 76.68 | F25: =Starts!O16 -> 45.09 | G25: =SQRT((E25-B25)^2+(F25-C25)^2) -> 28.36675 | H25: 28.36 | I25: =G25-H25 -> 0.006749902
A26: =Landmarks!A9 -> DH (SP2) | B26: =Landmarks!B9 -> 50.93 | C26: =Landmarks!C9 -> 33.19 | D26: =Starts!K17 -> 800-B-7 | E26: =Starts!N17 -> 76.57 | F26: =Starts!O17 -> 46.31 | G26: =SQRT((E26-B26)^2+(F26-C26)^2) -> 28.801805 | H26: 28.81 | I26: =G26-H26 -> -0.008194501
A27: =Landmarks!A9 -> DH (SP2) | B27: =Landmarks!B9 -> 50.93 | C27: =Landmarks!C9 -> 33.19 | D27: =Starts!K18 -> 800-B-8 | E27: =Starts!N18 -> 76.46 | F27: =Starts!O18 -> 47.53 | G27: =SQRT((E27-B27)^2+(F27-C27)^2) -> 29.281675 | H27: 29.28 | I27: =G27-H27 -> 0.001675157
A28: =Landmarks!A9 -> DH (SP2) | B28: =Landmarks!B9 -> 50.93 | C28: =Landmarks!C9 -> 33.19 | D28: =Starts!K19 -> 800-B-9 | E28: =Starts!N19 -> 76.33 | F28: =Starts!O19 -> 48.75 | G28: =SQRT((E28-B28)^2+(F28-C28)^2) -> 29.787138 | H28: 29.79 | I28: =G28-H28 -> -0.002861836
A29: =Landmarks!A17 -> NIC (1500) | B29: =Landmarks!B17 -> 119.75 | C29: =Landmarks!C17 -> 25.67 | D29: =Starts!U3 -> 1500-1 | E29: =Starts!X3 -> 98.57624 | F29: =Starts!Y3 -> 32.402579 | G29: =SQRT((E29-B29)^2+(F29-C29)^2) -> 22.218365 | H29: 22.22 | I29: =G29-H29 -> -0.0016349347
A30: =Landmarks!A17 -> NIC (1500) | B30: =Landmarks!B17 -> 119.75 | C30: =Landmarks!C17 -> 25.67 | D30: =Starts!U4 -> 1500-2 | E30: =Starts!X4 -> 99.109192 | F30: =Starts!Y4 -> 33.513454 | G30: =SQRT((E30-B30)^2+(F30-C30)^2) -> 22.080823 | H30: 22.08 | I30: =G30-H30 -> 0.00082300511
A31: =Landmarks!A17 -> NIC (1500) | B31: =Landmarks!B17 -> 119.75 | C31: =Landmarks!C17 -> 25.67 | D31: =Starts!U5 -> 1500-3 | E31: =Starts!X5 -> 99.503065 | F31: =Starts!Y5 -> 34.714466 | G31: =SQRT((E31-B31)^2+(F31-C31)^2) -> 22.175228 | H31: 22.18 | I31: =G31-H31 -> -0.0047719627
A32: =Landmarks!A17 -> NIC (1500) | B32: =Landmarks!B17 -> 119.75 | C32: =Landmarks!C17 -> 25.67 | D32: =Starts!U6 -> 1500-4 | E32: =Starts!X6 -> 99.752803 | F32: =Starts!Y6 -> 36.004371 | G32: =SQRT((E32-B32)^2+(F32-C32)^2) -> 22.509712 | H32: 22.51 | I32: =G32-H32 -> -0.0002884757
A33: =Landmarks!A17 -> NIC (1500) | B33: =Landmarks!B17 -> 119.75 | C33: =Landmarks!C17 -> 25.67 | D33: =Starts!U7 -> 1500-5 | E33: =Starts!X7 -> 99.91485 | F33: =Starts!Y7 -> 37.34211 | G33: =SQRT((E33-B33)^2+(F33-C33)^2) -> 23.014589 | H33: 23.01 | I33: =G33-H33 -> 0.0045891176
A34: =Landmarks!A17 -> NIC (1500) | B34: =Landmarks!B17 -> 119.75 | C34: =Landmarks!C17 -> 25.67 | D34: =Starts!U8 -> 1500-6 | E34: =Starts!X8 -> 100.01316 | F34: =Starts!Y8 -> 38.709527 | G34: =SQRT((E34-B34)^2+(F34-C34)^2) -> 23.655276 | H34: 23.66 | I34: =G34-H34 -> -0.0047241063
A35: =Landmarks!A17 -> NIC (1500) | B35: =Landmarks!B17 -> 119.75 | C35: =Landmarks!C17 -> 25.67 | D35: =Starts!U9 -> 1500-7 | E35: =Starts!X9 -> 99.960397 | F35: =Starts!Y9 -> 40.154363 | G35: =SQRT((E35-B35)^2+(F35-C35)^2) -> 24.523971 | H35: 24.52 | I35: =G35-H35 -> 0.0039711468
A36: =Landmarks!A17 -> NIC (1500) | B36: =Landmarks!B17 -> 119.75 | C36: =Landmarks!C17 -> 25.67 | D36: =Starts!U10 -> 1500-8 | E36: =Starts!X10 -> 99.761628 | F36: =Starts!Y10 -> 41.665208 | G36: =SQRT((E36-B36)^2+(F36-C36)^2) -> 25.600424 | H36: 25.6 | I36: =G36-H36 -> 0.00042373635
A37: =Landmarks!A17 -> NIC (1500) | B37: =Landmarks!B17 -> 119.75 | C37: =Landmarks!C17 -> 25.67 | D37: =Starts!U11 -> 1500-9 | E37: =Starts!X11 -> 99.377915 | F37: =Starts!Y11 -> 43.253395 | G37: =SQRT((E37-B37)^2+(F37-C37)^2) -> 26.91092 | H37: 26.91 | I37: =G37-H37 -> 0.00091981239
A38: =Landmarks!A18 -> NIC (800) | B38: =Landmarks!B18 -> 94.11 | C38: =Landmarks!C18 -> -47.14 | D38: =Starts!K3 -> 800-S-1 | E38: =Starts!N3 -> 76.89 | F38: =Starts!O3 -> -38.99 | G38: =SQRT((E38-B38)^2+(F38-C38)^2) -> 19.05127 | H38: 19.05 | I38: =G38-H38 -> 0.0012702989
A39: =Landmarks!A19 -> NIC (400) | B39: =Landmarks!B19 -> 108.67 | C39: =Landmarks!C19 -> -38.77 | D39: =Starts!K4 -> 800-S-2 | E39: =Starts!N4 -> 80.698058 | F39: =Starts!O4 -> -40.029274 | G39: =SQRT((E39-B39)^2+(F39-C39)^2) -> 28.000273 | H39: 28 | I39: =G39-H39 -> 0.00027309236
A40: =Landmarks!A19 -> NIC (400) | B40: =Landmarks!B19 -> 108.67 | C40: =Landmarks!C19 -> -38.77 | D40: =Starts!K5 -> 800-S-3 | E40: =Starts!N5 -> 84.485407 | F40: =Starts!O5 -> -40.727812 | G40: =SQRT((E40-B40)^2+(F40-C40)^2) -> 24.263709 | H40: 24.24 | I40: =G40-H40 -> 0.023708557
A41: =Landmarks!A19 -> NIC (400) | B41: =Landmarks!B19 -> 108.67 | C41: =Landmarks!C19 -> -38.77 | D41: =Starts!K6 -> 800-S-4 | E41: =Starts!N6 -> 88.216905 | F41: =Starts!O6 -> -41.118411 | G41: =SQRT((E41-B41)^2+(F41-C41)^2) -> 20.587475 | H41: 20.53 | I41: =G41-H41 -> 0.057475174
A42: =Landmarks!A19 -> NIC (400) | B42: =Landmarks!B19 -> 108.67 | C42: =Landmarks!C19 -> -38.77 | D42: =Starts!K7 -> 800-S-5 | E42: =Starts!N7 -> 91.938979 | F42: =Starts!O7 -> -41.208071 | G42: =SQRT((E42-B42)^2+(F42-C42)^2) -> 16.907728 | H42: 16.86 | I42: =G42-H42 -> 0.047727853
A43: =Landmarks!A19 -> NIC (400) | B43: =Landmarks!B19 -> 108.67 | C43: =Landmarks!C19 -> -38.77 | D43: =Starts!K8 -> 800-S-6 | E43: =Starts!N8 -> 95.595271 | F43: =Starts!O8 -> -41.027075 | G43: =SQRT((E43-B43)^2+(F43-C43)^2) -> 13.268117 | H43: 13.25 | I43: =G43-H43 -> 0.018116534
A44: =Landmarks!A19 -> NIC (400) | B44: =Landmarks!B19 -> 108.67 | C44: =Landmarks!C19 -> -38.77 | D44: =Starts!K9 -> 800-S-7 | E44: =Starts!N9 -> 99.14588 | F44: =Starts!O9 -> -40.611475 | G44: =SQRT((E44-B44)^2+(F44-C44)^2) -> 9.7005099 | H44: 9.69 | I44: =G44-H44 -> 0.010509855
A45: =Landmarks!A19 -> NIC (400) | B45: =Landmarks!B19 -> 108.67 | C45: =Landmarks!C19 -> -38.77 | D45: =Starts!K10 -> 800-S-8 | E45: =Starts!N10 -> 102.58321 | F45: =Starts!O10 -> -39.986994 | G45: =SQRT((E45-B45)^2+(F45-C45)^2) -> 6.2072567 | H45: 6.18 | I45: =G45-H45 -> 0.027256737
A46: =Landmarks!A18 -> NIC (800) | B46: =Landmarks!B18 -> 94.11 | C46: =Landmarks!C18 -> -47.14 | D46: =Starts!F3 -> 400-1 | E46: =Starts!I3 -> 76.89 | F46: =Starts!J3 -> -38.99 | G46: =SQRT((E46-B46)^2+(F46-C46)^2) -> 19.05127 | H46: 19.05 | I46: =G46-H46 -> 0.0012702989
A47: =Landmarks!A19 -> NIC (400) | B47: =Landmarks!B19 -> 108.67 | C47: =Landmarks!C19 -> -38.77 | D47: =Starts!F4 -> 400-2 | E47: =Starts!I4 -> 84.471886 | F47: =Starts!J4 -> -39.488721 | G47: =SQRT((E47-B47)^2+(F47-C47)^2) -> 24.208786 | H47: 24.22 | I47: =G47-H47 -> -0.011214403
A48: =Landmarks!A19 -> NIC (400) | B48: =Landmarks!B19 -> 108.67 | C48: =Landmarks!C19 -> -38.77 | D48: =Starts!F5 -> 400-3 | E48: =Starts!I5 -> 91.804781 | F48: =Starts!J5 -> -38.652221 | G48: =SQRT((E48-B48)^2+(F48-C48)^2) -> 16.86563 | H48: 16.87 | I48: =G48-H48 -> -0.0043699434
A49: =Landmarks!A19 -> NIC (400) | B49: =Landmarks!B19 -> 108.67 | C49: =Landmarks!C19 -> -38.77 | D49: =Starts!F6 -> 400-4 | E49: =Starts!I6 -> 98.69609 | F49: =Starts!J6 -> -36.654017 | G49: =SQRT((E49-B49)^2+(F49-C49)^2) -> 10.195894 | H49: 10.2 | I49: =G49-H49 -> -0.0041056551
A50: =Landmarks!A18 -> NIC (800) | B50: =Landmarks!B18 -> 94.11 | C50: =Landmarks!C18 -> -47.14 | D50: =Starts!F7 -> 400-5 | E50: =Starts!I7 -> 105.00916 | F50: =Starts!J7 -> -33.673282 | G50: =SQRT((E50-B50)^2+(F50-C50)^2) -> 17.324668 | H50: 17.32 | I50: =G50-H50 -> 0.0046679663
A51: =Landmarks!A19 -> NIC (400) | B51: =Landmarks!B19 -> 108.67 | C51: =Landmarks!C19 -> -38.77 | D51: =Starts!F8 -> 400-6 | E51: =Starts!I8 -> 110.65391 | F51: =Starts!J8 -> -29.88489 | G51: =SQRT((E51-B51)^2+(F51-C51)^2) -> 9.1039038 | H51: 9.1 | I51: =G51-H51 -> 0.0039038174
A52: =Landmarks!A19 -> NIC (400) | B52: =Landmarks!B19 -> 108.67 | C52: =Landmarks!C19 -> -38.77 | D52: =Starts!F9 -> 400-7 | E52: =Starts!I9 -> 115.57794 | F52: =Starts!J9 -> -25.453084 | G52: =SQRT((E52-B52)^2+(F52-C52)^2) -> 15.001995 | H52: 15 | I52: =G52-H52 -> 0.0019952453
A53: =Landmarks!A19 -> NIC (400) | B53: =Landmarks!B19 -> 108.67 | C53: =Landmarks!C19 -> -38.77 | D53: =Starts!F10 -> 400-8 | E53: =Starts!I10 -> 119.75851 | F53: =Starts!J10 -> -20.527819 | G53: =SQRT((E53-B53)^2+(F53-C53)^2) -> 21.347888 | H53: 21.34 | I53: =G53-H53 -> 0.0078882129
A55: Page 3 - 4x100 Relay
A56: =Landmarks!A21 -> DH (Y) | B56: =Landmarks!B21 -> 126.54 | C56: =Landmarks!C21 -> 0 | D56: =Relays!A3 -> R-S-1-1 | E56: =Relays!D3 -> 111.64066 | F56: =Relays!E3 -> 17.680829 | G56: =SQRT((E56-B56)^2+(F56-C56)^2) -> 23.121463 | H56: 23.12 | I56: =G56-H56 -> 0.0014625793
A57: =Landmarks!A21 -> DH (Y) | B57: =Landmarks!B21 -> 126.54 | C57: =Landmarks!C21 -> 0 | D57: =Relays!A4 -> R-S-1-2 | E57: =Relays!D4 -> 110.10587 | F57: =Relays!E4 -> 22.661644 | G57: =SQRT((E57-B57)^2+(F57-C57)^2) -> 27.993406 | H57: 27.99 | I57: =G57-H57 -> 0.0034057347
A58: =Landmarks!A21 -> DH (Y) | B58: =Landmarks!B21 -> 126.54 | C58: =Landmarks!C21 -> 0 | D58: =Relays!A5 -> R-S-1-3 | E58: =Relays!D5 -> 108.05723 | F58: =Relays!E5 -> 27.295576 | G58: =SQRT((E58-B58)^2+(F58-C58)^2) -> 32.964544 | H58: 32.96 | I58: =G58-H58 -> 0.0045440966
A59: =Landmarks!A17 -> NIC (1500) | B59: =Landmarks!B17 -> 119.75 | C59: =Landmarks!C17 -> 25.67 | D59: =Relays!A6 -> R-S-1-4 | E59: =Relays!D6 -> 105.58016 | F59: =Relays!E6 -> 31.557839 | G59: =SQRT((E59-B59)^2+(F59-C59)^2) -> 15.344413 | H59: 15.35 | I59: =G59-H59 -> -0.0055869818
A60: =Landmarks!A17 -> NIC (1500) | B60: =Landmarks!B17 -> 119.75 | C60: =Landmarks!C17 -> 25.67 | D60: =Relays!A7 -> R-S-1-5 | E60: =Relays!D7 -> 102.75141 | F60: =Relays!E7 -> 35.436765 | G60: =SQRT((E60-B60)^2+(F60-C60)^2) -> 19.604635 | H60: 19.6 | I60: =G60-H60 -> 0.0046347887
A61: =Landmarks!A17 -> NIC (1500) | B61: =Landmarks!B17 -> 119.75 | C61: =Landmarks!C17 -> 25.67 | D61: =Relays!A8 -> R-S-1-6 | E61: =Relays!D8 -> 99.639036 | F61: =Relays!E8 -> 38.930572 | G61: =SQRT((E61-B61)^2+(F61-C61)^2) -> 24.089285 | H61: 24.09 | I61: =G61-H61 -> -0.00071471297
A62: =Landmarks!A17 -> NIC (1500) | B62: =Landmarks!B17 -> 119.75 | C62: =Landmarks!C17 -> 25.67 | D62: =Relays!A9 -> R-S-1-7 | E62: =Relays!D9 -> 96.302699 | F62: =Relays!E9 -> 42.044776 | G62: =SQRT((E62-B62)^2+(F62-C62)^2) -> 28.599112 | H62: 28.6 | I62: =G62-H62 -> -0.00088789964
A63: =Landmarks!A17 -> NIC (1500) | B63: =Landmarks!B17 -> 119.75 | C63: =Landmarks!C17 -> 25.67 | D63: =Relays!A10 -> R-S-1-8 | E63: =Relays!D10 -> 92.794242 | F63: =Relays!E10 -> 44.790133 | G63: =SQRT((E63-B63)^2+(F63-C63)^2) -> 33.048334 | H63: 33.04 | I63: =G63-H63 -> 0.0083335148
A64: =Landmarks!A17 -> NIC (1500) | B64: =Landmarks!B17 -> 119.75 | C64: =Landmarks!C17 -> 25.67 | D64: =Relays!A11 -> R-M-1-1 | E64: =Relays!D11 -> 98.57624 | F64: =Relays!E11 -> 32.402579 | G64: =SQRT((E64-B64)^2+(F64-C64)^2) -> 22.218365 | H64: 22.22 | I64: =G64-H64 -> -0.0016349347
A65: =Landmarks!A17 -> NIC (1500) | B65: =Landmarks!B17 -> 119.75 | C65: =Landmarks!C17 -> 25.67 | D65: =Relays!A12 -> R-M-1-2 | E65: =Relays!D12 -> 95.356535 | F65: =Relays!E12 -> 35.718779 | G65: =SQRT((E65-B65)^2+(F65-C65)^2) -> 26.382174 | H65: 26.38 | I65: =G65-H65 -> 0.0021737458
A66: =Landmarks!A17 -> NIC (1500) | B66: =Landmarks!B17 -> 119.75 | C66: =Landmarks!C17 -> 25.67 | D66: =Relays!A13 -> R-M-1-3 | E66: =Relays!D13 -> 91.914327 | F66: =Relays!E13 -> 38.609772 | G66: =SQRT((E66-B66)^2+(F66-C66)^2) -> 30.696293 | H66: 30.7 | I66: =G66-H66 -> -0.0037070233
A67: =Landmarks!A17 -> NIC (1500) | B67: =Landmarks!B17 -> 119.75 | C67: =Landmarks!C17 -> 25.67 | D67: =Relays!A14 -> R-M-1-4 | E67: =Relays!D14 -> 88.310963 | F67: =Relays!E14 -> 41.092385 | G67: =SQRT((E67-B67)^2+(F67-C67)^2) -> 35.018039 | H67: 35.02 | I67: =G67-H67 -> -0.0019614314
A68: =Landmarks!A9 -> DH (SP2) | B68: =Landmarks!B9 -> 50.93 | C68: =Landmarks!C9 -> 33.19 | D68: =Relays!A15 -> R-M-1-5 | E68: =Relays!D15 -> 84.597993 | F68: =Relays!E15 -> 43.187542 | G68: =SQRT((E68-B68)^2+(F68-C68)^2) -> 35.120999 | H68: 35.12 | I68: =G68-H68 -> 0.0009988274
A69: =Landmarks!A9 -> DH (SP2) | B69: =Landmarks!B9 -> 50.93 | C69: =Landmarks!C9 -> 33.19 | D69: =Relays!A16 -> R-M-1-6 | E69: =Relays!D16 -> 80.81836 | F69: =Relays!E16 -> 44.91855 | G69: =SQRT((E69-B69)^2+(F69-C69)^2) -> 32.10721 | H69: 32.11 | I69: =G69-H69 -> -0.0027903594
A70: =Landmarks!A9 -> DH (SP2) | B70: =Landmarks!B9 -> 50.93 | C70: =Landmarks!C9 -> 33.19 | D70: =Relays!A17 -> R-M-1-7 | E70: =Relays!D17 -> 77.007542 | F70: =Relays!E17 -> 46.309851 | G70: =SQRT((E70-B70)^2+(F70-C70)^2) -> 29.191928 | H70: 29.2 | I70: =G70-H70 -> -0.0080715621
A71: =Landmarks!A9 -> DH (SP2) | B71: =Landmarks!B9 -> 50.93 | C71: =Landmarks!C9 -> 33.19 | D71: =Relays!A18 -> R-M-1-8 | E71: =Relays!D18 -> 73.175307 | F71: =Relays!E18 -> 47.53 | G71: =SQRT((E71-B71)^2+(F71-C71)^2) -> 26.466758 | H71: 26.48 | I71: =G71-H71 -> -0.013242095
A72: =Landmarks!A9 -> DH (SP2) | B72: =Landmarks!B9 -> 50.93 | C72: =Landmarks!C9 -> 33.19 | D72: =Relays!A19 -> R-E-1-1 | E72: =Relays!D19 -> 89.695421 | F72: =Relays!E19 -> 36.827181 | G72: =SQRT((E72-B72)^2+(F72-C72)^2) -> 38.935678 | H72: 38.93 | I72: =G72-H72 -> 0.005677573
A73: =Landmarks!A9 -> DH (SP2) | B73: =Landmarks!B9 -> 50.93 | C73: =Landmarks!C9 -> 33.19 | D73: =Relays!A20 -> R-E-1-2 | E73: =Relays!D20 -> 86.044831 | F73: =Relays!E20 -> 39.153967 | G73: =SQRT((E73-B73)^2+(F73-C73)^2) -> 35.617696 | H73: 35.62 | I73: =G73-H73 -> -0.0023037858
A74: =Landmarks!A9 -> DH (SP2) | B74: =Landmarks!B9 -> 50.93 | C74: =Landmarks!C9 -> 33.19 | D74: =Relays!A21 -> R-E-1-3 | E74: =Relays!D21 -> 82.297372 | F74: =Relays!E21 -> 41.075604 | G74: =SQRT((E74-B74)^2+(F74-C74)^2) -> 32.343389 | H74: 32.35 | I74: =G74-H74 -> -0.0066113275
A75: =Landmarks!A9 -> DH (SP2) | B75: =Landmarks!B9 -> 50.93 | C75: =Landmarks!C9 -> 33.19 | D75: =Relays!A22 -> R-E-1-4 | E75: =Relays!D22 -> 78.498354 | F75: =Relays!E22 -> 42.619663 | G75: =SQRT((E75-B75)^2+(F75-C75)^2) -> 29.136449 | H75: 29.14 | I75: =G75-H75 -> -0.0035508388
A76: =Landmarks!A9 -> DH (SP2) | B76: =Landmarks!B9 -> 50.93 | C76: =Landmarks!C9 -> 33.19 | D76: =Relays!A23 -> R-E-1-5 | E76: =Relays!D23 -> 74.673536 | F76: =Relays!E23 -> 43.87 | G76: =SQRT((E76-B76)^2+(F76-C76)^2) -> 26.034936 | H76: 26.04 | I76: =G76-H76 -> -0.0050639156
A77: =Landmarks!A9 -> DH (SP2) | B77: =Landmarks!B9 -> 50.93 | C77: =Landmarks!C9 -> 33.19 | D77: =Relays!A24 -> R-E-1-6 | E77: =Relays!D24 -> 70.840793 | F77: =Relays!E24 -> 45.09 | G77: =SQRT((E77-B77)^2+(F77-C77)^2) -> 23.195898 | H77: 23.21 | I77: =G77-H77 -> -0.014102252
A78: =Landmarks!A9 -> DH (SP2) | B78: =Landmarks!B9 -> 50.93 | C78: =Landmarks!C9 -> 33.19 | D78: =Relays!A25 -> R-E-1-7 | E78: =Relays!D25 -> 67.00805 | F78: =Relays!E25 -> 46.31 | G78: =SQRT((E78-B78)^2+(F78-C78)^2) -> 20.751821 | H78: 20.77 | I78: =G78-H78 -> -0.018178728
A79: =Landmarks!A9 -> DH (SP2) | B79: =Landmarks!B9 -> 50.93 | C79: =Landmarks!C9 -> 33.19 | D79: =Relays!A26 -> R-E-1-8 | E79: =Relays!D26 -> 63.175307 | F79: =Relays!E26 -> 47.53 | G79: =SQRT((E79-B79)^2+(F79-C79)^2) -> 18.856912 | H79: 18.88 | I79: =G79-H79 -> -0.023087785
A80: =Landmarks!A12 -> NIP (A) | B80: =Landmarks!B12 -> 0 | C80: =Landmarks!C12 -> 50.59 | D80: =Relays!F19 -> R-E-2-1 | E80: =Relays!I19 -> -9.8413542 | F80: =Relays!J19 -> 37.727548 | G80: =SQRT((E80-B80)^2+(F80-C80)^2) -> 16.195522 | H80: 16.2 | I80: =G80-H80 -> -0.0044779582
A81: =Landmarks!A12 -> NIP (A) | B81: =Landmarks!B12 -> 0 | C81: =Landmarks!C12 -> 50.59 | D81: =Relays!F20 -> R-E-2-2 | E81: =Relays!I20 -> -13.497044 | F81: =Relays!J20 -> 37.877089 | G81: =SQRT((E81-B81)^2+(F81-C81)^2) -> 18.541529 | H81: 18.54 | I81: =G81-H81 -> 0.001529017
A82: =Landmarks!A12 -> NIP (A) | B82: =Landmarks!B12 -> 0 | C82: =Landmarks!C12 -> 50.59 | D82: =Relays!F21 -> R-E-2-3 | E82: =Relays!I21 -> -17.057727 | F82: =Relays!J21 -> 37.755514 | G82: =SQRT((E82-B82)^2+(F82-C82)^2) -> 21.346899 | H82: 21.35 | I82: =G82-H82 -> -0.0031012876
A83: =Landmarks!A12 -> NIP (A) | B83: =Landmarks!B12 -> 0 | C83: =Landmarks!C12 -> 50.59 | D83: =Relays!F22 -> R-E-2-4 | E83: =Relays!I22 -> -20.511434 | F83: =Relays!J22 -> 37.393898 | G83: =SQRT((E83-B83)^2+(F83-C83)^2) -> 24.389671 | H83: 24.39 | I83: =G83-H83 -> -0.00032918255
A84: =Landmarks!A12 -> NIP (A) | B84: =Landmarks!B12 -> 0 | C84: =Landmarks!C12 -> 50.59 | D84: =Relays!F23 -> R-E-2-5 | E84: =Relays!I23 -> -23.850281 | F84: =Relays!J23 -> 36.820388 | G84: =SQRT((E84-B84)^2+(F84-C84)^2) -> 27.539755 | H84: 27.54 | I84: =G84-H84 -> -0.00024472127
A85: =Landmarks!A12 -> NIP (A) | B85: =Landmarks!B12 -> 0 | C85: =Landmarks!C12 -> 50.59 | D85: =Relays!F24 -> R-E-2-6 | E85: =Relays!I24 -> -27.069568 | F85: =Relays!J24 -> 36.060318 | G85: =SQRT((E85-B85)^2+(F85-C85)^2) -> 30.722519 | H85: 30.72 | I85: =G85-H85 -> 0.0025190778
A86: =Landmarks!A12 -> NIP (A) | B86: =Landmarks!B12 -> 0 | C86: =Landmarks!C12 -> 50.59 | D86: =Relays!F25 -> R-E-2-7 | E86: =Relays!I25 -> -30.167055 | F86: =Relays!J25 -> 35.136375 | G86: =SQRT((E86-B86)^2+(F86-C86)^2) -> 33.894922 | H86: 33.89 | I86: =G86-H86 -> 0.0049219338
A87: =Landmarks!A12 -> NIP (A) | B87: =Landmarks!B12 -> 0 | C87: =Landmarks!C12 -> 50.59 | D87: =Relays!F26 -> R-E-2-8 | E87: =Relays!I26 -> -33.142385 | F87: =Relays!J26 -> 34.068802 | G87: =SQRT((E87-B87)^2+(F87-C87)^2) -> 37.031981 | H87: 37.03 | I87: =G87-H87 -> 0.0019814663
A88: =Landmarks!A11 -> DH (SP7) | B88: =Landmarks!B11 -> -33.34 | C88: =Landmarks!C11 -> 0.5 | D88: =Relays!K3 -> R-S-3-1 | E88: =Relays!N3 -> -34.75066 | F88: =Relays!O3 -> -17.680829 | G88: =SQRT((E88-B88)^2+(F88-C88)^2) -> 18.235474 | H88: 18.24 | I88: =G88-H88 -> -0.0045263356
A89: =Landmarks!A11 -> DH (SP7) | B89: =Landmarks!B11 -> -33.34 | C89: =Landmarks!C11 -> 0.5 | D89: =Relays!K4 -> R-S-3-2 | E89: =Relays!N4 -> -35.212733 | F89: =Relays!O4 -> -19.414106 | G89: =SQRT((E89-B89)^2+(F89-C89)^2) -> 20.001969 | H89: 20 | I89: =G89-H89 -> 0.0019685716
A90: =Landmarks!A11 -> DH (SP7) | B90: =Landmarks!B11 -> -33.34 | C90: =Landmarks!C11 -> 0.5 | D90: =Relays!K5 -> R-S-3-3 | E90: =Relays!N5 -> -35.63804 | F90: =Relays!O5 -> -21.127588 | G90: =SQRT((E90-B90)^2+(F90-C90)^2) -> 21.749335 | H90: 21.75 | I90: =G90-H90 -> -0.00066539697
A91: =Landmarks!A11 -> DH (SP7) | B91: =Landmarks!B11 -> -33.34 | C91: =Landmarks!C11 -> 0.5 | D91: =Relays!K6 -> R-S-3-4 | E91: =Relays!N6 -> -36.0303 | F91: =Relays!O6 -> -22.821919 | G91: =SQRT((E91-B91)^2+(F91-C91)^2) -> 23.476576 | H91: 23.48 | I91: =G91-H91 -> -0.0034242731
A92: =Landmarks!A11 -> DH (SP7) | B92: =Landmarks!B11 -> -33.34 | C92: =Landmarks!C11 -> 0.5 | D92: =Relays!K7 -> R-S-3-5 | E92: =Relays!N7 -> -36.392785 | F92: =Relays!O7 -> -24.497798 | G92: =SQRT((E92-B92)^2+(F92-C92)^2) -> 25.183515 | H92: 25.18 | I92: =G92-H92 -> 0.0035148988
A93: =Landmarks!A11 -> DH (SP7) | B93: =Landmarks!B11 -> -33.34 | C93: =Landmarks!C11 -> 0.5 | D93: =Relays!K8 -> R-S-3-6 | E93: =Relays!N8 -> -36.72838 | F93: =Relays!O8 -> -26.155959 | G93: =SQRT((E93-B93)^2+(F93-C93)^2) -> 26.870454 | H93: 26.87 | I93: =G93-H93 -> 0.00045356522
A94: =Landmarks!A11 -> DH (SP7) | B94: =Landmarks!B11 -> -33.34 | C94: =Landmarks!C11 -> 0.5 | D94: =Relays!K9 -> R-S-3-7 | E94: =Relays!N9 -> -37.039639 | F94: =Relays!O9 -> -27.797145 | G94: =SQRT((E94-B94)^2+(F94-C94)^2) -> 28.53797 | H94: 28.54 | I94: =G94-H94 -> -0.0020301568
A95: =Landmarks!A11 -> DH (SP7) | B95: =Landmarks!B11 -> -33.34 | C95: =Landmarks!C11 -> 0.5 | D95: =Relays!K10 -> R-S-3-8 | E95: =Relays!N10 -> -37.328823 | F95: =Relays!O10 -> -29.422098 | G95: =SQRT((E95-B95)^2+(F95-C95)^2) -> 30.186796 | H95: 30.19 | I95: =G95-H95 -> -0.0032040164
A96: =Landmarks!A20 -> NIC (MH) | B96: =Landmarks!B20 -> 8.24 | C96: =Landmarks!C20 -> -34.96 | D96: =Relays!K11 -> R-M-3-1 | E96: =Relays!N11 -> -21.68624 | F96: =Relays!O11 -> -32.402579 | G96: =SQRT((E96-B96)^2+(F96-C96)^2) -> 30.035316 | H96: 30.04 | I96: =G96-H96 -> -0.004683781
A97: =Landmarks!A20 -> NIC (MH) | B97: =Landmarks!B20 -> 8.24 | C97: =Landmarks!C20 -> -34.96 | D97: =Relays!K12 -> R-M-3-2 | E97: =Relays!N12 -> -21.766257 | F97: =Relays!O12 -> -33.80938 | G97: =SQRT((E97-B97)^2+(F97-C97)^2) -> 30.02831 | H97: 30.03 | I97: =G97-H97 -> -0.0016903428
A98: =Landmarks!A20 -> NIC (MH) | B98: =Landmarks!B20 -> 8.24 | C98: =Landmarks!C20 -> -34.96 | D98: =Relays!K13 -> R-M-3-3 | E98: =Relays!N13 -> -21.839598 | F98: =Relays!O13 -> -35.206205 | G98: =SQRT((E98-B98)^2+(F98-C98)^2) -> 30.080606 | H98: 30.09 | I98: =G98-H98 -> -0.0093939898
A99: =Landmarks!A20 -> NIC (MH) | B99: =Landmarks!B20 -> 8.24 | C99: =Landmarks!C20 -> -34.96 | D99: =Relays!K14 -> R-M-3-4 | E99: =Relays!N14 -> -21.906988 | F99: =Relays!O14 -> -36.593803 | G99: =SQRT((E99-B99)^2+(F99-C99)^2) -> 30.191227 | H99: 30.19 | I99: =G99-H99 -> 0.0012267009
A100: =Landmarks!A20 -> NIC (MH) | B100: =Landmarks!B20 -> 8.24 | C100: =Landmarks!C20 -> -34.96 | D100: =Relays!K15 -> R-M-3-5 | E100: =Relays!N15 -> -21.969053 | F100: =Relays!O15 -> -37.972854 | G100: =SQRT((E100-B100)^2+(F100-C100)^2) -> 30.358922 | H100: 30.36 | I100: =G100-H100 -> -0.0010779958
A101: =Landmarks!A20 -> NIC (MH) | B101: =Landmarks!B20 -> 8.24 | C101: =Landmarks!C20 -> -34.96 | D101: =Relays!K16 -> R-M-3-6 | E101: =Relays!N16 -> -22.026341 | F101: =Relays!O16 -> -39.343975 | G101: =SQRT((E101-B101)^2+(F101-C101)^2) -> 30.582195 | H101: 30.58 | I101: =G101-H101 -> 0.0021949294
A102: =Landmarks!A20 -> NIC (MH) | B102: =Landmarks!B20 -> 8.24 | C102: =Landmarks!C20 -> -34.96 | D102: =Relays!K17 -> R-M-3-7 | E102: =Relays!N17 -> -22.079332 | F102: =Relays!O17 -> -40.707729 | G102: =SQRT((E102-B102)^2+(F102-C102)^2) -> 30.859331 | H102: 30.86 | I102: =G102-H102 -> -0.00066903875
...

Sheet Lookups
A1: Lane | B1: Inside Radius | C1: Line of Running Radius | D1: Distance A | E1: Distance B | F1: Distance C | G1: Distance D | H1: Distance A+B | I1: Distance A+B+C | J1: Distance A+B+C+D | K1: Bend Delta
A2: 1 | B2: 38.99 | C2: =B2+0.2 -> 39.19 | D2: =Straight -> 76.89 | E2: =PI()*C2 -> 123.11902 | F2: =Straight -> 76.89 | G2: =PI()*C2 -> 123.11902 | H2: =D2+E2 -> 200.00902 | I2: =D2+E2+F2 -> 276.89902 | J2: =D2+E2+F2+G2 -> 400.01803 | K2: =E2-E$2 -> 0 | L2: =J2-K2 -> 400.01803
A3: 2 | B3: =B2+1.22 -> 40.21 | C3: =B3+0.2 -> 40.41 | D3: =Straight -> 76.89 | E3: =PI()*C3 -> 126.95176 | F3: =Straight -> 76.89 | G3: =PI()*C3 -> 126.95176 | H3: =D3+E3 -> 203.84176 | I3: =D3+E3+F3 -> 280.73176 | J3: =D3+E3+F3+G3 -> 407.68352 | K3: =E3-E$2 -> 3.832743 | L3: =J3-K3 -> 403.85078
A4: 3 | B4: =B3+1.22 -> 41.43 | C4: =B4+0.2 -> 41.63 | D4: =Straight -> 76.89 | E4: =PI()*C4 -> 130.7845 | F4: =Straight -> 76.89 | G4: =PI()*C4 -> 130.7845 | H4: =D4+E4 -> 207.6745 | I4: =D4+E4+F4 -> 284.5645 | J4: =D4+E4+F4+G4 -> 415.349 | K4: =E4-E$2 -> 7.6654861 | L4: =J4-K4 -> 407.68352
A5: 4 | B5: =B4+1.22 -> 42.65 | C5: =B5+0.2 -> 42.85 | D5: =Straight -> 76.89 | E5: =PI()*C5 -> 134.61725 | F5: =Straight -> 76.89 | G5: =PI()*C5 -> 134.61725 | H5: =D5+E5 -> 211.50725 | I5: =D5+E5+F5 -> 288.39725 | J5: =D5+E5+F5+G5 -> 423.01449 | K5: =E5-E$2 -> 11.498229 | L5: =J5-K5 -> 411.51626
A6: 5 | B6: =B5+1.22 -> 43.87 | C6: =B6+0.2 -> 44.07 | D6: =Straight -> 76.89 | E6: =PI()*C6 -> 138.44999 | F6: =Straight -> 76.89 | G6: =PI()*C6 -> 138.44999 | H6: =D6+E6 -> 215.33999 | I6: =D6+E6+F6 -> 292.22999 | J6: =D6+E6+F6+G6 -> 430.67998 | K6: =E6-E$2 -> 15.330972 | L6: =J6-K6 -> 415.349
A7: 6 | B7: =B6+1.22 -> 45.09 | C7: =B7+0.2 -> 45.29 | D7: =Straight -> 76.89 | E7: =PI()*C7 -> 142.28273 | F7: =Straight -> 76.89 | G7: =PI()*C7 -> 142.28273 | H7: =D7+E7 -> 219.17273 | I7: =D7+E7+F7 -> 296.06273 | J7: =D7+E7+F7+G7 -> 438.34546 | K7: =E7-E$2 -> 19.163715 | L7: =J7-K7 -> 419.18175
A8: 7 | B8: =B7+1.22 -> 46.31 | C8: =B8+0.2 -> 46.51 | D8: =Straight -> 76.89 | E8: =PI()*C8 -> 146.11547 | F8: =Straight -> 76.89 | G8: =PI()*C8 -> 146.11547 | H8: =D8+E8 -> 223.00547 | I8: =D8+E8+F8 -> 299.89547 | J8: =D8+E8+F8+G8 -> 446.01095 | K8: =E8-E$2 -> 22.996458 | L8: =J8-K8 -> 423.01449
A9: 8 | B9: =B8+1.22 -> 47.53 | C9: =B9+0.2 -> 47.73 | D9: =Straight -> 76.89 | E9: =PI()*C9 -> 149.94822 | F9: =Straight -> 76.89 | G9: =PI()*C9 -> 149.94822 | H9: =D9+E9 -> 226.83822 | I9: =D9+E9+F9 -> 303.72822 | J9: =D9+E9+F9+G9 -> 453.67643 | K9: =E9-E$2 -> 26.829201 | L9: =J9-K9 -> 426.84723
A10: 9 | B10: =B9+1.22 -> 48.75 | C10: =B10+0.2 -> 48.95 | D10: =Straight -> 76.89 | E10: =PI()*C10 -> 153.78096 | F10: =Straight -> 76.89 | G10: =PI()*C10 -> 153.78096 | H10: =D10+E10 -> 230.67096 | I10: =D10+E10+F10 -> 307.56096 | J10: =D10+E10+F10+G10 -> 461.34192 | K10: =E10-E$2 -> 30.661944 | L10: =J10-K10 -> 430.67998
A12: 76.89
A13: =J2 -> 400.01803
A14: =FullLap/400 -> 1.0000451
A16: Calculation Template
A17: 200
A18: =DIstanceMultiplier*A17 -> 200.00902 | B18: Lane | C18: X | D18: Y
A19: =A18 -> 200.00902 | B19: 1 | C19: =(Straight-(IF(A19>VLOOKUP(B19,Data,4,FALSE),1,A19/VLOOKUP(B19,Data,4,FALSE)))*Straight+(IF(A19>VLOOKUP(B19,Data,9,FALSE),1,IF(A19>VLOOKUP(B19,Data,8,FALSE),(A19-VLOOKUP(B19,Data,8,FALSE))/VLOOKUP(B19,Data,6,FALSE),0)))*Straight)-VLOOKUP(B19,Data,2,FALSE)*SIN(RADIANS(180*(IF(A19>VLOOKUP(B19,Data,8,FALSE),1,IF(A19>VLOOKUP(B19,Data,4,FALSE),(A19-VLOOKUP(B19,Data,4,FALSE))/VLOOKUP(B19,Data,5,FALSE),0)))+180*(IF(A19>VLOOKUP(B19,Data,10,FALSE),1,IF(A19>VLOOKUP(B19,Data,9,FALSE),(A19-VLOOKUP(B19,Data,9,FALSE))/VLOOKUP(B19,Data,7,FALSE),0))))) -> -4.7748979e-15 | D19: =-VLOOKUP(B19,Data,2,FALSE)*COS(RADIANS(180*(IF(A19>VLOOKUP(B19,Data,8,FALSE),1,IF(A19>VLOOKUP(B19,Data,4,FALSE),(A19-VLOOKUP(B19,Data,4,FALSE))/VLOOKUP(B19,Data,5,FALSE),0)))+180*(IF(A19>VLOOKUP(B19,Data,10,FALSE),1,IF(A19>VLOOKUP(B19,Data,9,FALSE),(A19-VLOOKUP(B19,Data,9,FALSE))/VLOOKUP(B19,Data,7,FALSE),0))))) -> 38.99
A20: =A19 -> 200.00902 | B20: 2 | C20: =(Straight-(IF(A20>VLOOKUP(B20,Data,4,FALSE),1,A20/VLOOKUP(B20,Data,4,FALSE)))*Straight+(IF(A20>VLOOKUP(B20,Data,9,FALSE),1,IF(A20>VLOOKUP(B20,Data,8,FALSE),(A20-VLOOKUP(B20,Data,8,FALSE))/VLOOKUP(B20,Data,6,FALSE),0)))*Straight)-VLOOKUP(B20,Data,2,FALSE)*SIN(RADIANS(180*(IF(A20>VLOOKUP(B20,Data,8,FALSE),1,IF(A20>VLOOKUP(B20,Data,4,FALSE),(A20-VLOOKUP(B20,Data,4,FALSE))/VLOOKUP(B20,Data,5,FALSE),0)))+180*(IF(A20>VLOOKUP(B20,Data,10,FALSE),1,IF(A20>VLOOKUP(B20,Data,9,FALSE),(A20-VLOOKUP(B20,Data,9,FALSE))/VLOOKUP(B20,Data,7,FALSE),0))))) -> -3.8080583 | D20: =-VLOOKUP(B20,Data,2,FALSE)*COS(RADIANS(180*(IF(A20>VLOOKUP(B20,Data,8,FALSE),1,IF(A20>VLOOKUP(B20,Data,4,FALSE),(A20-VLOOKUP(B20,Data,4,FALSE))/VLOOKUP(B20,Data,5,FALSE),0)))+180*(IF(A20>VLOOKUP(B20,Data,10,FALSE),1,IF(A20>VLOOKUP(B20,Data,9,FALSE),(A20-VLOOKUP(B20,Data,9,FALSE))/VLOOKUP(B20,Data,7,FALSE),0))))) -> 40.029274
A21: =A20 -> 200.00902 | B21: 3 | C21: =(Straight-(IF(A21>VLOOKUP(B21,Data,4,FALSE),1,A21/VLOOKUP(B21,Data,4,FALSE)))*Straight+(IF(A21>VLOOKUP(B21,Data,9,FALSE),1,IF(A21>VLOOKUP(B21,Data,8,FALSE),(A21-VLOOKUP(B21,Data,8,FALSE))/VLOOKUP(B21,Data,6,FALSE),0)))*Straight)-VLOOKUP(B21,Data,2,FALSE)*SIN(RADIANS(180*(IF(A21>VLOOKUP(B21,Data,8,FALSE),1,IF(A21>VLOOKUP(B21,Data,4,FALSE),(A21-VLOOKUP(B21,Data,4,FALSE))/VLOOKUP(B21,Data,5,FALSE),0)))+180*(IF(A21>VLOOKUP(B21,Data,10,FALSE),1,IF(A21>VLOOKUP(B21,Data,9,FALSE),(A21-VLOOKUP(B21,Data,9,FALSE))/VLOOKUP(B21,Data,7,FALSE),0))))) -> -7.5856238 | D21: =-VLOOKUP(B21,Data,2,FALSE)*COS(RADIANS(180*(IF(A21>VLOOKUP(B21,Data,8,FALSE),1,IF(A21>VLOOKUP(B21,Data,4,FALSE),(A21-VLOOKUP(B21,Data,4,FALSE))/VLOOKUP(B21,Data,5,FALSE),0)))+180*(IF(A21>VLOOKUP(B21,Data,10,FALSE),1,IF(A21>VLOOKUP(B21,Data,9,FALSE),(A21-VLOOKUP(B21,Data,9,FALSE))/VLOOKUP(B21,Data,7,FALSE),0))))) -> 40.729636
A22: =A21 -> 200.00902 | B22: 4 | C22: =(Straight-(IF(A22>VLOOKUP(B22,Data,4,FALSE),1,A22/VLOOKUP(B22,Data,4,FALSE)))*Straight+(IF(A22>VLOOKUP(B22,Data,9,FALSE),1,IF(A22>VLOOKUP(B22,Data,8,FALSE),(A22-VLOOKUP(B22,Data,8,FALSE))/VLOOKUP(B22,Data,6,FALSE),0)))*Straight)-VLOOKUP(B22,Data,2,FALSE)*SIN(RADIANS(180*(IF(A22>VLOOKUP(B22,Data,8,FALSE),1,IF(A22>VLOOKUP(B22,Data,4,FALSE),(A22-VLOOKUP(B22,Data,4,FALSE))/VLOOKUP(B22,Data,5,FALSE),0)))+180*(IF(A22>VLOOKUP(B22,Data,10,FALSE),1,IF(A22>VLOOKUP(B22,Data,9,FALSE),(A22-VLOOKUP(B22,Data,9,FALSE))/VLOOKUP(B22,Data,7,FALSE),0))))) -> -11.307712 | D22: =-VLOOKUP(B22,Data,2,FALSE)*COS(RADIANS(180*(IF(A22>VLOOKUP(B22,Data,8,FALSE),1,IF(A22>VLOOKUP(B22,Data,4,FALSE),(A22-VLOOKUP(B22,Data,4,FALSE))/VLOOKUP(B22,Data,5,FALSE),0)))+180*(IF(A22>VLOOKUP(B22,Data,10,FALSE),1,IF(A22>VLOOKUP(B22,Data,9,FALSE),(A22-VLOOKUP(B22,Data,9,FALSE))/VLOOKUP(B22,Data,7,FALSE),0))))) -> 41.123693
A23: =A22 -> 200.00902 | B23: 5 | C23: =(Straight-(IF(A23>VLOOKUP(B23,Data,4,FALSE),1,A23/VLOOKUP(B23,Data,4,FALSE)))*Straight+(IF(A23>VLOOKUP(B23,Data,9,FALSE),1,IF(A23>VLOOKUP(B23,Data,8,FALSE),(A23-VLOOKUP(B23,Data,8,FALSE))/VLOOKUP(B23,Data,6,FALSE),0)))*Straight)-VLOOKUP(B23,Data,2,FALSE)*SIN(RADIANS(180*(IF(A23>VLOOKUP(B23,Data,8,FALSE),1,IF(A23>VLOOKUP(B23,Data,4,FALSE),(A23-VLOOKUP(B23,Data,4,FALSE))/VLOOKUP(B23,Data,5,FALSE),0)))+180*(IF(A23>VLOOKUP(B23,Data,10,FALSE),1,IF(A23>VLOOKUP(B23,Data,9,FALSE),(A23-VLOOKUP(B23,Data,9,FALSE))/VLOOKUP(B23,Data,7,FALSE),0))))) -> -14.955434 | D23: =-VLOOKUP(B23,Data,2,FALSE)*COS(RADIANS(180*(IF(A23>VLOOKUP(B23,Data,8,FALSE),1,IF(A23>VLOOKUP(B23,Data,4,FALSE),(A23-VLOOKUP(B23,Data,4,FALSE))/VLOOKUP(B23,Data,5,FALSE),0)))+180*(IF(A23>VLOOKUP(B23,Data,10,FALSE),1,IF(A23>VLOOKUP(B23,Data,9,FALSE),(A23-VLOOKUP(B23,Data,9,FALSE))/VLOOKUP(B23,Data,7,FALSE),0))))) -> 41.242113
A24: =A23 -> 200.00902 | B24: 6 | C24: =(Straight-(IF(A24>VLOOKUP(B24,Data,4,FALSE),1,A24/VLOOKUP(B24,Data,4,FALSE)))*Straight+(IF(A24>VLOOKUP(B24,Data,9,FALSE),1,IF(A24>VLOOKUP(B24,Data,8,FALSE),(A24-VLOOKUP(B24,Data,8,FALSE))/VLOOKUP(B24,Data,6,FALSE),0)))*Straight)-VLOOKUP(B24,Data,2,FALSE)*SIN(RADIANS(180*(IF(A24>VLOOKUP(B24,Data,8,FALSE),1,IF(A24>VLOOKUP(B24,Data,4,FALSE),(A24-VLOOKUP(B24,Data,4,FALSE))/VLOOKUP(B24,Data,5,FALSE),0)))+180*(IF(A24>VLOOKUP(B24,Data,10,FALSE),1,IF(A24>VLOOKUP(B24,Data,9,FALSE),(A24-VLOOKUP(B24,Data,9,FALSE))/VLOOKUP(B24,Data,7,FALSE),0))))) -> -18.514837 | D24: =-VLOOKUP(B24,Data,2,FALSE)*COS(RADIANS(180*(IF(A24>VLOOKUP(B24,Data,8,FALSE),1,IF(A24>VLOOKUP(B24,Data,4,FALSE),(A24-VLOOKUP(B24,Data,4,FALSE))/VLOOKUP(B24,Data,5,FALSE),0)))+180*(IF(A24>VLOOKUP(B24,Data,10,FALSE),1,IF(A24>VLOOKUP(B24,Data,9,FALSE),(A24-VLOOKUP(B24,Data,9,FALSE))/VLOOKUP(B24,Data,7,FALSE),0))))) -> 41.113366
A25: =A24 -> 200.00902 | B25: 7 | C25: =(Straight-(IF(A25>VLOOKUP(B25,Data,4,FALSE),1,A25/VLOOKUP(B25,Data,4,FALSE)))*Straight+(IF(A25>VLOOKUP(B25,Data,9,FALSE),1,IF(A25>VLOOKUP(B25,Data,8,FALSE),(A25-VLOOKUP(B25,Data,8,FALSE))/VLOOKUP(B25,Data,6,FALSE),0)))*Straight)-VLOOKUP(B25,Data,2,FALSE)*SIN(RADIANS(180*(IF(A25>VLOOKUP(B25,Data,8,FALSE),1,IF(A25>VLOOKUP(B25,Data,4,FALSE),(A25-VLOOKUP(B25,Data,4,FALSE))/VLOOKUP(B25,Data,5,FALSE),0)))+180*(IF(A25>VLOOKUP(B25,Data,10,FALSE),1,IF(A25>VLOOKUP(B25,Data,9,FALSE),(A25-VLOOKUP(B25,Data,9,FALSE))/VLOOKUP(B25,Data,7,FALSE),0))))) -> -21.975939 | D25: =-VLOOKUP(B25,Data,2,FALSE)*COS(RADIANS(180*(IF(A25>VLOOKUP(B25,Data,8,FALSE),1,IF(A25>VLOOKUP(B25,Data,4,FALSE),(A25-VLOOKUP(B25,Data,4,FALSE))/VLOOKUP(B25,Data,5,FALSE),0)))+180*(IF(A25>VLOOKUP(B25,Data,10,FALSE),1,IF(A25>VLOOKUP(B25,Data,9,FALSE),(A25-VLOOKUP(B25,Data,9,FALSE))/VLOOKUP(B25,Data,7,FALSE),0))))) -> 40.763638
A26: =A25 -> 200.00902 | B26: 8 | C26: =(Straight-(IF(A26>VLOOKUP(B26,Data,4,FALSE),1,A26/VLOOKUP(B26,Data,4,FALSE)))*Straight+(IF(A26>VLOOKUP(B26,Data,9,FALSE),1,IF(A26>VLOOKUP(B26,Data,8,FALSE),(A26-VLOOKUP(B26,Data,8,FALSE))/VLOOKUP(B26,Data,6,FALSE),0)))*Straight)-VLOOKUP(B26,Data,2,FALSE)*SIN(RADIANS(180*(IF(A26>VLOOKUP(B26,Data,8,FALSE),1,IF(A26>VLOOKUP(B26,Data,4,FALSE),(A26-VLOOKUP(B26,Data,4,FALSE))/VLOOKUP(B26,Data,5,FALSE),0)))+180*(IF(A26>VLOOKUP(B26,Data,10,FALSE),1,IF(A26>VLOOKUP(B26,Data,9,FALSE),(A26-VLOOKUP(B26,Data,9,FALSE))/VLOOKUP(B26,Data,7,FALSE),0))))) -> -25.331933 | D26: =-VLOOKUP(B26,Data,2,FALSE)*COS(RADIANS(180*(IF(A26>VLOOKUP(B26,Data,8,FALSE),1,IF(A26>VLOOKUP(B26,Data,4,FALSE),(A26-VLOOKUP(B26,Data,4,FALSE))/VLOOKUP(B26,Data,5,FALSE),0)))+180*(IF(A26>VLOOKUP(B26,Data,10,FALSE),1,IF(A26>VLOOKUP(B26,Data,9,FALSE),(A26-VLOOKUP(B26,Data,9,FALSE))/VLOOKUP(B26,Data,7,FALSE),0))))) -> 40.216838
A28: Lane Widths
B29: 1 | C29: 0
B30: 2 | C30: =C29+1.22 -> 1.22
B31: 3 | C31: =C30+1.22 -> 2.44
B32: 4 | C32: =C31+1.22 -> 3.66
B33: 5 | C33: =C32+1.22 -> 4.88
B34: 6 | C34: =C33+1.22 -> 6.1
B35: 7 | C35: =C34+1.22 -> 7.32
B36: 8 | C36: =C35+1.22 -> 8.54
B37: 9 | C37: =C36+1.22 -> 9.76
B38: 10 | C38: =C37+1.22 -> 10.98
B39: 11 | C39: =C38+1.22 -> 12.2

Sheet Lanes
A1: =CONCATENATE("Lane ",C3) -> Lane 1 | F1: =CONCATENATE("Lane ",H3) -> Lane 2 | K1: =CONCATENATE("Lane ",M3) -> Lane 3 | P1: =CONCATENATE("Lane ",R3) -> Lane 4 | U1: =CONCATENATE("Lane ",W3) -> Lane 5 | Z1: =CONCATENATE("Lane ",AB3) -> Lane 6 | AE1: =CONCATENATE("Lane ",AG3) -> Lane 7 | AJ1: =CONCATENATE("Lane ",AL3) -> Lane 8 | AO1: =CONCATENATE("Lane ",AQ3) -> Lane 9 | AT1: Finish | AX1: Home Straight Start
B2: Dist | C2: Lane | D2: X | E2: Y | G2: Dist | H2: Lane | I2: X | J2: Y | L2: Dist | M2: Lane | N2: X | O2: Y | Q2: Dist | R2: Lane | S2: X | T2: Y | V2: Dist | W2: Lane | X2: X | Y2: Y | AA2: Dist | AB2: Lane | AC2: X | AD2: Y | AF2: Dist | AG2: Lane | AH2: X | AI2: Y | AK2: Dist | AL2: Lane | AM2: X | AN2: Y | AP2: Dist | AQ2: Lane | AR2: X | AS2: Y | AT2: Dist | AU2: Lane | AV2: X | AW2: Y | AX2: X | AY2: Y
B3: 0 | C3: 1 | D3: =(Straight-(IF(B3>VLOOKUP(C3,Data,4,FALSE),1,B3/VLOOKUP(C3,Data,4,FALSE)))*Straight+(IF(B3>VLOOKUP(C3,Data,9,FALSE),1,IF(B3>VLOOKUP(C3,Data,8,FALSE),(B3-VLOOKUP(C3,Data,8,FALSE))/VLOOKUP(C3,Data,6,FALSE),0)))*Straight)-VLOOKUP(C3,Data,2,FALSE)*SIN(RADIANS(180*(IF(B3>VLOOKUP(C3,Data,8,FALSE),1,IF(B3>VLOOKUP(C3,Data,4,FALSE),(B3-VLOOKUP(C3,Data,4,FALSE))/VLOOKUP(C3,Data,5,FALSE),0)))+180*(IF(B3>VLOOKUP(C3,Data,10,FALSE),1,IF(B3>VLOOKUP(C3,Data,9,FALSE),(B3-VLOOKUP(C3,Data,9,FALSE))/VLOOKUP(C3,Data,7,FALSE),0))))) -> 76.89 | E3: =-VLOOKUP(C3,Data,2,FALSE)*COS(RADIANS(180*(IF(B3>VLOOKUP(C3,Data,8,FALSE),1,IF(B3>VLOOKUP(C3,Data,4,FALSE),(B3-VLOOKUP(C3,Data,4,FALSE))/VLOOKUP(C3,Data,5,FALSE),0)))+180*(IF(B3>VLOOKUP(C3,Data,10,FALSE),1,IF(B3>VLOOKUP(C3,Data,9,FALSE),(B3-VLOOKUP(C3,Data,9,FALSE))/VLOOKUP(C3,Data,7,FALSE),0))))) -> -38.99 | G3: 0 | H3: 2 | I3: =(Straight-(IF(G3>VLOOKUP(H3,Data,4,FALSE),1,G3/VLOOKUP(H3,Data,4,FALSE)))*Straight+(IF(G3>VLOOKUP(H3,Data,9,FALSE),1,IF(G3>VLOOKUP(H3,Data,8,FALSE),(G3-VLOOKUP(H3,Data,8,FALSE))/VLOOKUP(H3,Data,6,FALSE),0)))*Straight)-VLOOKUP(H3,Data,2,FALSE)*SIN(RADIANS(180*(IF(G3>VLOOKUP(H3,Data,8,FALSE),1,IF(G3>VLOOKUP(H3,Data,4,FALSE),(G3-VLOOKUP(H3,Data,4,FALSE))/VLOOKUP(H3,Data,5,FALSE),0)))+180*(IF(G3>VLOOKUP(H3,Data,10,FALSE),1,IF(G3>VLOOKUP(H3,Data,9,FALSE),(G3-VLOOKUP(H3,Data,9,FALSE))/VLOOKUP(H3,Data,7,FALSE),0))))) -> 76.89 | J3: =-VLOOKUP(H3,Data,2,FALSE)*COS(RADIANS(180*(IF(G3>VLOOKUP(H3,Data,8,FALSE),1,IF(G3>VLOOKUP(H3,Data,4,FALSE),(G3-VLOOKUP(H3,Data,4,FALSE))/VLOOKUP(H3,Data,5,FALSE),0)))+180*(IF(G3>VLOOKUP(H3,Data,10,FALSE),1,IF(G3>VLOOKUP(H3,Data,9,FALSE),(G3-VLOOKUP(H3,Data,9,FALSE))/VLOOKUP(H3,Data,7,FALSE),0))))) -> -40.21 | L3: 0 | M3: 3 | N3: =(Straight-(IF(L3>VLOOKUP(M3,Data,4,FALSE),1,L3/VLOOKUP(M3,Data,4,FALSE)))*Straight+(IF(L3>VLOOKUP(M3,Data,9,FALSE),1,IF(L3>VLOOKUP(M3,Data,8,FALSE),(L3-VLOOKUP(M3,Data,8,FALSE))/VLOOKUP(M3,Data,6,FALSE),0)))*Straight)-VLOOKUP(M3,Data,2,FALSE)*SIN(RADIANS(180*(IF(L3>VLOOKUP(M3,Data,8,FALSE),1,IF(L3>VLOOKUP(M3,Data,4,FALSE),(L3-VLOOKUP(M3,Data,4,FALSE))/VLOOKUP(M3,Data,5,FALSE),0)))+180*(IF(L3>VLOOKUP(M3,Data,10,FALSE),1,IF(L3>VLOOKUP(M3,Data,9,FALSE),(L3-VLOOKUP(M3,Data,9,FALSE))/VLOOKUP(M3,Data,7,FALSE),0))))) -> 76.89 | O3: =-VLOOKUP(M3,Data,2,FALSE)*COS(RADIANS(180*(IF(L3>VLOOKUP(M3,Data,8,FALSE),1,IF(L3>VLOOKUP(M3,Data,4,FALSE),(L3-VLOOKUP(M3,Data,4,FALSE))/VLOOKUP(M3,Data,5,FALSE),0)))+180*(IF(L3>VLOOKUP(M3,Data,10,FALSE),1,IF(L3>VLOOKUP(M3,Data,9,FALSE),(L3-VLOOKUP(M3,Data,9,FALSE))/VLOOKUP(M3,Data,7,FALSE),0))))) -> -41.43 | Q3: 0 | R3: 4 | S3: =(Straight-(IF(Q3>VLOOKUP(R3,Data,4,FALSE),1,Q3/VLOOKUP(R3,Data,4,FALSE)))*Straight+(IF(Q3>VLOOKUP(R3,Data,9,FALSE),1,IF(Q3>VLOOKUP(R3,Data,8,FALSE),(Q3-VLOOKUP(R3,Data,8,FALSE))/VLOOKUP(R3,Data,6,FALSE),0)))*Straight)-VLOOKUP(R3,Data,2,FALSE)*SIN(RADIANS(180*(IF(Q3>VLOOKUP(R3,Data,8,FALSE),1,IF(Q3>VLOOKUP(R3,Data,4,FALSE),(Q3-VLOOKUP(R3,Data,4,FALSE))/VLOOKUP(R3,Data,5,FALSE),0)))+180*(IF(Q3>VLOOKUP(R3,Data,10,FALSE),1,IF(Q3>VLOOKUP(R3,Data,9,FALSE),(Q3-VLOOKUP(R3,Data,9,FALSE))/VLOOKUP(R3,Data,7,FALSE),0))))) -> 76.89 | T3: =-VLOOKUP(R3,Data,2,FALSE)*COS(RADIANS(180*(IF(Q3>VLOOKUP(R3,Data,8,FALSE),1,IF(Q3>VLOOKUP(R3,Data,4,FALSE),(Q3-VLOOKUP(R3,Data,4,FALSE))/VLOOKUP(R3,Data,5,FALSE),0)))+180*(IF(Q3>VLOOKUP(R3,Data,10,FALSE),1,IF(Q3>VLOOKUP(R3,Data,9,FALSE),(Q3-VLOOKUP(R3,Data,9,FALSE))/VLOOKUP(R3,Data,7,FALSE),0))))) -> -42.65 | V3: 0 | W3: 5 | X3: =(Straight-(IF(V3>VLOOKUP(W3,Data,4,FALSE),1,V3/VLOOKUP(W3,Data,4,FALSE)))*Straight+(IF(V3>VLOOKUP(W3,Data,9,FALSE),1,IF(V3>VLOOKUP(W3,Data,8,FALSE),(V3-VLOOKUP(W3,Data,8,FALSE))/VLOOKUP(W3,Data,6,FALSE),0)))*Straight)-VLOOKUP(W3,Data,2,FALSE)*SIN(RADIANS(180*(IF(V3>VLOOKUP(W3,Data,8,FALSE),1,IF(V3>VLOOKUP(W3,Data,4,FALSE),(V3-VLOOKUP(W3,Data,4,FALSE))/VLOOKUP(W3,Data,5,FALSE),0)))+180*(IF(V3>VLOOKUP(W3,Data,10,FALSE),1,IF(V3>VLOOKUP(W3,Data,9,FALSE),(V3-VLOOKUP(W3,Data,9,FALSE))/VLOOKUP(W3,Data,7,FALSE),0))))) -> 76.89 | Y3: =-VLOOKUP(W3,Data,2,FALSE)*COS(RADIANS(180*(IF(V3>VLOOKUP(W3,Data,8,FALSE),1,IF(V3>VLOOKUP(W3,Data,4,FALSE),(V3-VLOOKUP(W3,Data,4,FALSE))/VLOOKUP(W3,Data,5,FALSE),0)))+180*(IF(V3>VLOOKUP(W3,Data,10,FALSE),1,IF(V3>VLOOKUP(W3,Data,9,FALSE),(V3-VLOOKUP(W3,Data,9,FALSE))/VLOOKUP(W3,Data,7,FALSE),0))))) -> -43.87 | AA3: 0 | AB3: 6 | AC3: =(Straight-(IF(AA3>VLOOKUP(AB3,Data,4,FALSE),1,AA3/VLOOKUP(AB3,Data,4,FALSE)))*Straight+(IF(AA3>VLOOKUP(AB3,Data,9,FALSE),1,IF(AA3>VLOOKUP(AB3,Data,8,FALSE),(AA3-VLOOKUP(AB3,Data,8,FALSE))/VLOOKUP(AB3,Data,6,FALSE),0)))*Straight)-VLOOKUP(AB3,Data,2,FALSE)*SIN(RADIANS(180*(IF(AA3>VLOOKUP(AB3,Data,8,FALSE),1,IF(AA3>VLOOKUP(AB3,Data,4,FALSE),(AA3-VLOOKUP(AB3,Data,4,FALSE))/VLOOKUP(AB3,Data,5,FALSE),0)))+180*(IF(AA3>VLOOKUP(AB3,Data,10,FALSE),1,IF(AA3>VLOOKUP(AB3,Data,9,FALSE),(AA3-VLOOKUP(AB3,Data,9,FALSE))/VLOOKUP(AB3,Data,7,FALSE),0))))) -> 76.89 | AD3: =-VLOOKUP(AB3,Data,2,FALSE)*COS(RADIANS(180*(IF(AA3>VLOOKUP(AB3,Data,8,FALSE),1,IF(AA3>VLOOKUP(AB3,Data,4,FALSE),(AA3-VLOOKUP(AB3,Data,4,FALSE))/VLOOKUP(AB3,Data,5,FALSE),0)))+180*(IF(AA3>VLOOKUP(AB3,Data,10,FALSE),1,IF(AA3>VLOOKUP(AB3,Data,9,FALSE),(AA3-VLOOKUP(AB3,Data,9,FALSE))/VLOOKUP(AB3,Data,7,FALSE),0))))) -> -45.09 | AF3: 0 | AG3: 7 | AH3: =(Straight-(IF(AF3>VLOOKUP(AG3,Data,4,FALSE),1,AF3/VLOOKUP(AG3,Data,4,FALSE)))*Straight+(IF(AF3>VLOOKUP(AG3,Data,9,FALSE),1,IF(AF3>VLOOKUP(AG3,Data,8,FALSE),(AF3-VLOOKUP(AG3,Data,8,FALSE))/VLOOKUP(AG3,Data,6,FALSE),0)))*Straight)-VLOOKUP(AG3,Data,2,FALSE)*SIN(RADIANS(180*(IF(AF3>VLOOKUP(AG3,Data,8,FALSE),1,IF(AF3>VLOOKUP(AG3,Data,4,FALSE),(AF3-VLOOKUP(AG3,Data,4,FALSE))/VLOOKUP(AG3,Data,5,FALSE),0)))+180*(IF(AF3>VLOOKUP(AG3,Data,10,FALSE),1,IF(AF3>VLOOKUP(AG3,Data,9,FALSE),(AF3-VLOOKUP(AG3,Data,9,FALSE))/VLOOKUP(AG3,Data,7,FALSE),0))))) -> 76.89 | AI3: =-VLOOKUP(AG3,Data,2,FALSE)*COS(RADIANS(180*(IF(AF3>VLOOKUP(AG3,Data,8,FALSE),1,IF(AF3>VLOOKUP(AG3,Data,4,FALSE),(AF3-VLOOKUP(AG3,Data,4,FALSE))/VLOOKUP(AG3,Data,5,FALSE),0)))+180*(IF(AF3>VLOOKUP(AG3,Data,10,FALSE),1,IF(AF3>VLOOKUP(AG3,Data,9,FALSE),(AF3-VLOOKUP(AG3,Data,9,FALSE))/VLOOKUP(AG3,Data,7,FALSE),0))))) -> -46.31 | AK3: 0 | AL3: 8 | AM3: =(Straight-(IF(AK3>VLOOKUP(AL3,Data,4,FALSE),1,AK3/VLOOKUP(AL3,Data,4,FALSE)))*Straight+(IF(AK3>VLOOKUP(AL3,Data,9,FALSE),1,IF(AK3>VLOOKUP(AL3,Data,8,FALSE),(AK3-VLOOKUP(AL3,Data,8,FALSE))/VLOOKUP(AL3,Data,6,FALSE),0)))*Straight)-VLOOKUP(AL3,Data,2,FALSE)*SIN(RADIANS(180*(IF(AK3>VLOOKUP(AL3,Data,8,FALSE),1,IF(AK3>VLOOKUP(AL3,Data,4,FALSE),(AK3-VLOOKUP(AL3,Data,4,FALSE))/VLOOKUP(AL3,Data,5,FALSE),0)))+180*(IF(AK3>VLOOKUP(AL3,Data,10,FALSE),1,IF(AK3>VLOOKUP(AL3,Data,9,FALSE),(AK3-VLOOKUP(AL3,Data,9,FALSE))/VLOOKUP(AL3,Data,7,FALSE),0))))) -> 76.89 | AN3: =-VLOOKUP(AL3,Data,2,FALSE)*COS(RADIANS(180*(IF(AK3>VLOOKUP(AL3,Data,8,FALSE),1,IF(AK3>VLOOKUP(AL3,Data,4,FALSE),(AK3-VLOOKUP(AL3,Data,4,FALSE))/VLOOKUP(AL3,Data,5,FALSE),0)))+180*(IF(AK3>VLOOKUP(AL3,Data,10,FALSE),1,IF(AK3>VLOOKUP(AL3,Data,9,FALSE),(AK3-VLOOKUP(AL3,Data,9,FALSE))/VLOOKUP(AL3,Data,7,FALSE),0))))) -> -47.53 | AP3: 0 | AQ3: 9 | AR3: =(Straight-(IF(AP3>VLOOKUP(AQ3,Data,4,FALSE),1,AP3/VLOOKUP(AQ3,Data,4,FALSE)))*Straight+(IF(AP3>VLOOKUP(AQ3,Data,9,FALSE),1,IF(AP3>VLOOKUP(AQ3,Data,8,FALSE),(AP3-VLOOKUP(AQ3,Data,8,FALSE))/VLOOKUP(AQ3,Data,6,FALSE),0)))*Straight)-VLOOKUP(AQ3,Data,2,FALSE)*SIN(RADIANS(180*(IF(AP3>VLOOKUP(AQ3,Data,8,FALSE),1,IF(AP3>VLOOKUP(AQ3,Data,4,FALSE),(AP3-VLOOKUP(AQ3,Data,4,FALSE))/VLOOKUP(AQ3,Data,5,FALSE),0)))+180*(IF(AP3>VLOOKUP(AQ3,Data,10,FALSE),1,IF(AP3>VLOOKUP(AQ3,Data,9,FALSE),(AP3-VLOOKUP(AQ3,Data,9,FALSE))/VLOOKUP(AQ3,Data,7,FALSE),0))))) -> 76.89 | AS3: =-VLOOKUP(AQ3,Data,2,FALSE)*COS(RADIANS(180*(IF(AP3>VLOOKUP(AQ3,Data,8,FALSE),1,IF(AP3>VLOOKUP(AQ3,Data,4,FALSE),(AP3-VLOOKUP(AQ3,Data,4,FALSE))/VLOOKUP(AQ3,Data,5,FALSE),0)))+180*(IF(AP3>VLOOKUP(AQ3,Data,10,FALSE),1,IF(AP3>VLOOKUP(AQ3,Data,9,FALSE),(AP3-VLOOKUP(AQ3,Data,9,FALSE))/VLOOKUP(AQ3,Data,7,FALSE),0))))) -> -48.75 | AT3: 0 | AU3: 1 | AV3: =(Straight-(IF(AT3>VLOOKUP(AU3,Data,4,FALSE),1,AT3/VLOOKUP(AU3,Data,4,FALSE)))*Straight+(IF(AT3>VLOOKUP(AU3,Data,9,FALSE),1,IF(AT3>VLOOKUP(AU3,Data,8,FALSE),(AT3-VLOOKUP(AU3,Data,8,FALSE))/VLOOKUP(AU3,Data,6,FALSE),0)))*Straight)-VLOOKUP(AU3,Data,2,FALSE)*SIN(RADIANS(180*(IF(AT3>VLOOKUP(AU3,Data,8,FALSE),1,IF(AT3>VLOOKUP(AU3,Data,4,FALSE),(AT3-VLOOKUP(AU3,Data,4,FALSE))/VLOOKUP(AU3,Data,5,FALSE),0)))+180*(IF(AT3>VLOOKUP(AU3,Data,10,FALSE),1,IF(AT3>VLOOKUP(AU3,Data,9,FALSE),(AT3-VLOOKUP(AU3,Data,9,FALSE))/VLOOKUP(AU3,Data,7,FALSE),0))))) -> 76.89 | AW3: =-VLOOKUP(AU3,Data,2,FALSE)*COS(RADIANS(180*(IF(AT3>VLOOKUP(AU3,Data,8,FALSE),1,IF(AT3>VLOOKUP(AU3,Data,4,FALSE),(AT3-VLOOKUP(AU3,Data,4,FALSE))/VLOOKUP(AU3,Data,5,FALSE),0)))+180*(IF(AT3>VLOOKUP(AU3,Data,10,FALSE),1,IF(AT3>VLOOKUP(AU3,Data,9,FALSE),(AT3-VLOOKUP(AU3,Data,9,FALSE))/VLOOKUP(AU3,Data,7,FALSE),0))))) -> -38.99 | AX3: -23.11 | AY3: =-Radius -> -38.99
B4: =Straight -> 76.89 | C4: =C3 -> 1 | D4: =(Straight-(IF(B4>VLOOKUP(C4,Data,4,FALSE),1,B4/VLOOKUP(C4,Data,4,FALSE)))*Straight+(IF(B4>VLOOKUP(C4,Data,9,FALSE),1,IF(B4>VLOOKUP(C4,Data,8,FALSE),(B4-VLOOKUP(C4,Data,8,FALSE))/VLOOKUP(C4,Data,6,FALSE),0)))*Straight)-VLOOKUP(C4,Data,2,FALSE)*SIN(RADIANS(180*(IF(B4>VLOOKUP(C4,Data,8,FALSE),1,IF(B4>VLOOKUP(C4,Data,4,FALSE),(B4-VLOOKUP(C4,Data,4,FALSE))/VLOOKUP(C4,Data,5,FALSE),0)))+180*(IF(B4>VLOOKUP(C4,Data,10,FALSE),1,IF(B4>VLOOKUP(C4,Data,9,FALSE),(B4-VLOOKUP(C4,Data,9,FALSE))/VLOOKUP(C4,Data,7,FALSE),0))))) -> 0 | E4: =-VLOOKUP(C4,Data,2,FALSE)*COS(RADIANS(180*(IF(B4>VLOOKUP(C4,Data,8,FALSE),1,IF(B4>VLOOKUP(C4,Data,4,FALSE),(B4-VLOOKUP(C4,Data,4,FALSE))/VLOOKUP(C4,Data,5,FALSE),0)))+180*(IF(B4>VLOOKUP(C4,Data,10,FALSE),1,IF(B4>VLOOKUP(C4,Data,9,FALSE),(B4-VLOOKUP(C4,Data,9,FALSE))/VLOOKUP(C4,Data,7,FALSE),0))))) -> -38.99 | G4: =Straight -> 76.89 | H4: =H3 -> 2 | I4: =(Straight-(IF(G4>VLOOKUP(H4,Data,4,FALSE),1,G4/VLOOKUP(H4,Data,4,FALSE)))*Straight+(IF(G4>VLOOKUP(H4,Data,9,FALSE),1,IF(G4>VLOOKUP(H4,Data,8,FALSE),(G4-VLOOKUP(H4,Data,8,FALSE))/VLOOKUP(H4,Data,6,FALSE),0)))*Straight)-VLOOKUP(H4,Data,2,FALSE)*SIN(RADIANS(180*(IF(G4>VLOOKUP(H4,Data,8,FALSE),1,IF(G4>VLOOKUP(H4,Data,4,FALSE),(G4-VLOOKUP(H4,Data,4,FALSE))/VLOOKUP(H4,Data,5,FALSE),0)))+180*(IF(G4>VLOOKUP(H4,Data,10,FALSE),1,IF(G4>VLOOKUP(H4,Data,9,FALSE),(G4-VLOOKUP(H4,Data,9,FALSE))/VLOOKUP(H4,Data,7,FALSE),0))))) -> 0 | J4: =-VLOOKUP(H4,Data,2,FALSE)*COS(RADIANS(180*(IF(G4>VLOOKUP(H4,Data,8,FALSE),1,IF(G4>VLOOKUP(H4,Data,4,FALSE),(G4-VLOOKUP(H4,Data,4,FALSE))/VLOOKUP(H4,Data,5,FALSE),0)))+180*(IF(G4>VLOOKUP(H4,Data,10,FALSE),1,IF(G4>VLOOKUP(H4,Data,9,FALSE),(G4-VLOOKUP(H4,Data,9,FALSE))/VLOOKUP(H4,Data,7,FALSE),0))))) -> -40.21 | L4: =Straight -> 76.89 | M4: =M3 -> 3 | N4: =(Straight-(IF(L4>VLOOKUP(M4,Data,4,FALSE),1,L4/VLOOKUP(M4,Data,4,FALSE)))*Straight+(IF(L4>VLOOKUP(M4,Data,9,FALSE),1,IF(L4>VLOOKUP(M4,Data,8,FALSE),(L4-VLOOKUP(M4,Data,8,FALSE))/VLOOKUP(M4,Data,6,FALSE),0)))*Straight)-VLOOKUP(M4,Data,2,FALSE)*SIN(RADIANS(180*(IF(L4>VLOOKUP(M4,Data,8,FALSE),1,IF(L4>VLOOKUP(M4,Data,4,FALSE),(L4-VLOOKUP(M4,Data,4,FALSE))/VLOOKUP(M4,Data,5,FALSE),0)))+180*(IF(L4>VLOOKUP(M4,Data,10,FALSE),1,IF(L4>VLOOKUP(M4,Data,9,FALSE),(L4-VLOOKUP(M4,Data,9,FALSE))/VLOOKUP(M4,Data,7,FALSE),0))))) -> 0 | O4: =-VLOOKUP(M4,Data,2,FALSE)*COS(RADIANS(180*(IF(L4>VLOOKUP(M4,Data,8,FALSE),1,IF(L4>VLOOKUP(M4,Data,4,FALSE),(L4-VLOOKUP(M4,Data,4,FALSE))/VLOOKUP(M4,Data,5,FALSE),0)))+180*(IF(L4>VLOOKUP(M4,Data,10,FALSE),1,IF(L4>VLOOKUP(M4,Data,9,FALSE),(L4-VLOOKUP(M4,Data,9,FALSE))/VLOOKUP(M4,Data,7,FALSE),0))))) -> -41.43 | Q4: =Straight -> 76.89 | R4: =R3 -> 4 | S4: =(Straight-(IF(Q4>VLOOKUP(R4,Data,4,FALSE),1,Q4/VLOOKUP(R4,Data,4,FALSE)))*Straight+(IF(Q4>VLOOKUP(R4,Data,9,FALSE),1,IF(Q4>VLOOKUP(R4,Data,8,FALSE),(Q4-VLOOKUP(R4,Data,8,FALSE))/VLOOKUP(R4,Data,6,FALSE),0)))*Straight)-VLOOKUP(R4,Data,2,FALSE)*SIN(RADIANS(180*(IF(Q4>VLOOKUP(R4,Data,8,FALSE),1,IF(Q4>VLOOKUP(R4,Data,4,FALSE),(Q4-VLOOKUP(R4,Data,4,FALSE))/VLOOKUP(R4,Data,5,FALSE),0)))+180*(IF(Q4>VLOOKUP(R4,Data,10,FALSE),1,IF(Q4>VLOOKUP(R4,Data,9,FALSE),(Q4-VLOOKUP(R4,Data,9,FALSE))/VLOOKUP(R4,Data,7,FALSE),0))))) -> 0 | T4: =-VLOOKUP(R4,Data,2,FALSE)*COS(RADIANS(180*(IF(Q4>VLOOKUP(R4,Data,8,FALSE),1,IF(Q4>VLOOKUP(R4,Data,4,FALSE),(Q4-VLOOKUP(R4,Data,4,FALSE))/VLOOKUP(R4,Data,5,FALSE),0)))+180*(IF(Q4>VLOOKUP(R4,Data,10,FALSE),1,IF(Q4>VLOOKUP(R4,Data,9,FALSE),(Q4-VLOOKUP(R4,Data,9,FALSE))/VLOOKUP(R4,Data,7,FALSE),0))))) -> -42.65 | V4: =Straight -> 76.89 | W4: =W3 -> 5 | X4: =(Straight-(IF(V4>VLOOKUP(W4,Data,4,FALSE),1,V4/VLOOKUP(W4,Data,4,FALSE)))*Straight+(IF(V4>VLOOKUP(W4,Data,9,FALSE),1,IF(V4>VLOOKUP(W4,Data,8,FALSE),(V4-VLOOKUP(W4,Data,8,FALSE))/VLOOKUP(W4,Data,6,FALSE),0)))*Straight)-VLOOKUP(W4,Data,2,FALSE)*SIN(RADIANS(180*(IF(V4>VLOOKUP(W4,Data,8,FALSE),1,IF(V4>VLOOKUP(W4,Data,4,FALSE),(V4-VLOOKUP(W4,Data,4,FALSE))/VLOOKUP(W4,Data,5,FALSE),0)))+180*(IF(V4>VLOOKUP(W4,Data,10,FALSE),1,IF(V4>VLOOKUP(W4,Data,9,FALSE),(V4-VLOOKUP(W4,Data,9,FALSE))/VLOOKUP(W4,Data,7,FALSE),0))))) -> 0 | Y4: =-VLOOKUP(W4,Data,2,FALSE)*COS(RADIANS(180*(IF(V4>VLOOKUP(W4,Data,8,FALSE),1,IF(V4>VLOOKUP(W4,Data,4,FALSE),(V4-VLOOKUP(W4,Data,4,FALSE))/VLOOKUP(W4,Data,5,FALSE),0)))+180*(IF(V4>VLOOKUP(W4,Data,10,FALSE),1,IF(V4>VLOOKUP(W4,Data,9,FALSE),(V4-VLOOKUP(W4,Data,9,FALSE))/VLOOKUP(W4,Data,7,FALSE),0))))) -> -43.87 | AA4: =Straight -> 76.89 | AB4: =AB3 -> 6 | AC4: =(Straight-(IF(AA4>VLOOKUP(AB4,Data,4,FALSE),1,AA4/VLOOKUP(AB4,Data,4,FALSE)))*Straight+(IF(AA4>VLOOKUP(AB4,Data,9,FALSE),1,IF(AA4>VLOOKUP(AB4,Data,8,FALSE),(AA4-VLOOKUP(AB4,Data,8,FALSE))/VLOOKUP(AB4,Data,6,FALSE),0)))*Straight)-VLOOKUP(AB4,Data,2,FALSE)*SIN(RADIANS(180*(IF(AA4>VLOOKUP(AB4,Data,8,FALSE),1,IF(AA4>VLOOKUP(AB4,Data,4,FALSE),(AA4-VLOOKUP(AB4,Data,4,FALSE))/VLOOKUP(AB4,Data,5,FALSE),0)))+180*(IF(AA4>VLOOKUP(AB4,Data,10,FALSE),1,IF(AA4>VLOOKUP(AB4,Data,9,FALSE),(AA4-VLOOKUP(AB4,Data,9,FALSE))/VLOOKUP(AB4,Data,7,FALSE),0))))) -> 0 | AD4: =-VLOOKUP(AB4,Data,2,FALSE)*COS(RADIANS(180*(IF(AA4>VLOOKUP(AB4,Data,8,FALSE),1,IF(AA4>VLOOKUP(AB4,Data,4,FALSE),(AA4-VLOOKUP(AB4,Data,4,FALSE))/VLOOKUP(AB4,Data,5,FALSE),0)))+180*(IF(AA4>VLOOKUP(AB4,Data,10,FALSE),1,IF(AA4>VLOOKUP(AB4,Data,9,FALSE),(AA4-VLOOKUP(AB4,Data,9,FALSE))/VLOOKUP(AB4,Data,7,FALSE),0))))) -> -45.09 | AF4: =Straight -> 76.89 | AG4: =AG3 -> 7 | AH4: =(Straight-(IF(AF4>VLOOKUP(AG4,Data,4,FALSE),1,AF4/VLOOKUP(AG4,Data,4,FALSE)))*Straight+(IF(AF4>VLOOKUP(AG4,Data,9,FALSE),1,IF(AF4>VLOOKUP(AG4,Data,8,FALSE),(AF4-VLOOKUP(AG4,Data,8,FALSE))/VLOOKUP(AG4,Data,6,FALSE),0)))*Straight)-VLOOKUP(AG4,Data,2,FALSE)*SIN(RADIANS(180*(IF(AF4>VLOOKUP(AG4,Data,8,FALSE),1,IF(AF4>VLOOKUP(AG4,Data,4,FALSE),(AF4-VLOOKUP(AG4,Data,4,FALSE))/VLOOKUP(AG4,Data,5,FALSE),0)))+180*(IF(AF4>VLOOKUP(AG4,Data,10,FALSE),1,IF(AF4>VLOOKUP(AG4,Data,9,FALSE),(AF4-VLOOKUP(AG4,Data,9,FALSE))/VLOOKUP(AG4,Data,7,FALSE),0))))) -> 0 | AI4: =-VLOOKUP(AG4,Data,2,FALSE)*COS(RADIANS(180*(IF(AF4>VLOOKUP(AG4,Data,8,FALSE),1,IF(AF4>VLOOKUP(AG4,Data,4,FALSE),(AF4-VLOOKUP(AG4,Data,4,FALSE))/VLOOKUP(AG4,Data,5,FALSE),0)))+180*(IF(AF4>VLOOKUP(AG4,Data,10,FALSE),1,IF(AF4>VLOOKUP(AG4,Data,9,FALSE),(AF4-VLOOKUP(AG4,Data,9,FALSE))/VLOOKUP(AG4,Data,7,FALSE),0))))) -> -46.31 | AK4: =Straight -> 76.89 | AL4: =AL3 -> 8 | AM4: =(Straight-(IF(AK4>VLOOKUP(AL4,Data,4,FALSE),1,AK4/VLOOKUP(AL4,Data,4,FALSE)))*Straight+(IF(AK4>VLOOKUP(AL4,Data,9,FALSE),1,IF(AK4>VLOOKUP(AL4,Data,8,FALSE),(AK4-VLOOKUP(AL4,Data,8,FALSE))/VLOOKUP(AL4,Data,6,FALSE),0)))*Straight)-VLOOKUP(AL4,Data,2,FALSE)*SIN(RADIANS(180*(IF(AK4>VLOOKUP(AL4,Data,8,FALSE),1,IF(AK4>VLOOKUP(AL4,Data,4,FALSE),(AK4-VLOOKUP(AL4,Data,4,FALSE))/VLOOKUP(AL4,Data,5,FALSE),0)))+180*(IF(AK4>VLOOKUP(AL4,Data,10,FALSE),1,IF(AK4>VLOOKUP(AL4,Data,9,FALSE),(AK4-VLOOKUP(AL4,Data,9,FALSE))/VLOOKUP(AL4,Data,7,FALSE),0))))) -> 0 | AN4: =-VLOOKUP(AL4,Data,2,FALSE)*COS(RADIANS(180*(IF(AK4>VLOOKUP(AL4,Data,8,FALSE),1,IF(AK4>VLOOKUP(AL4,Data,4,FALSE),(AK4-VLOOKUP(AL4,Data,4,FALSE))/VLOOKUP(AL4,Data,5,FALSE),0)))+180*(IF(AK4>VLOOKUP(AL4,Data,10,FALSE),1,IF(AK4>VLOOKUP(AL4,Data,9,FALSE),(AK4-VLOOKUP(AL4,Data,9,FALSE))/VLOOKUP(AL4,Data,7,FALSE),0))))) -> -47.53 | AP4: =Straight -> 76.89 | AQ4: =AQ3 -> 9 | AR4: =(Straight-(IF(AP4>VLOOKUP(AQ4,Data,4,FALSE),1,AP4/VLOOKUP(AQ4,Data,4,FALSE)))*Straight+(IF(AP4>VLOOKUP(AQ4,Data,9,FALSE),1,IF(AP4>VLOOKUP(AQ4,Data,8,FALSE),(AP4-VLOOKUP(AQ4,Data,8,FALSE))/VLOOKUP(AQ4,Data,6,FALSE),0)))*Straight)-VLOOKUP(AQ4,Data,2,FALSE)*SIN(RADIANS(180*(IF(AP4>VLOOKUP(AQ4,Data,8,FALSE),1,IF(AP4>VLOOKUP(AQ4,Data,4,FALSE),(AP4-VLOOKUP(AQ4,Data,4,FALSE))/VLOOKUP(AQ4,Data,5,FALSE),0)))+180*(IF(AP4>VLOOKUP(AQ4,Data,10,FALSE),1,IF(AP4>VLOOKUP(AQ4,Data,9,FALSE),(AP4-VLOOKUP(AQ4,Data,9,FALSE))/VLOOKUP(AQ4,Data,7,FALSE),0))))) -> 0 | AS4: =-VLOOKUP(AQ4,Data,2,FALSE)*COS(RADIANS(180*(IF(AP4>VLOOKUP(AQ4,Data,8,FALSE),1,IF(AP4>VLOOKUP(AQ4,Data,4,FALSE),(AP4-VLOOKUP(AQ4,Data,4,FALSE))/VLOOKUP(AQ4,Data,5,FALSE),0)))+180*(IF(AP4>VLOOKUP(AQ4,Data,10,FALSE),1,IF(AP4>VLOOKUP(AQ4,Data,9,FALSE),(AP4-VLOOKUP(AQ4,Data,9,FALSE))/VLOOKUP(AQ4,Data,7,FALSE),0))))) -> -48.75 | AT4: 0 | AU4: 9 | AV4: =(Straight-(IF(AT4>VLOOKUP(AU4,Data,4,FALSE),1,AT4/VLOOKUP(AU4,Data,4,FALSE)))*Straight+(IF(AT4>VLOOKUP(AU4,Data,9,FALSE),1,IF(AT4>VLOOKUP(AU4,Data,8,FALSE),(AT4-VLOOKUP(AU4,Data,8,FALSE))/VLOOKUP(AU4,Data,6,FALSE),0)))*Straight)-VLOOKUP(AU4,Data,2,FALSE)*SIN(RADIANS(180*(IF(AT4>VLOOKUP(AU4,Data,8,FALSE),1,IF(AT4>VLOOKUP(AU4,Data,4,FALSE),(AT4-VLOOKUP(AU4,Data,4,FALSE))/VLOOKUP(AU4,Data,5,FALSE),0)))+180*(IF(AT4>VLOOKUP(AU4,Data,10,FALSE),1,IF(AT4>VLOOKUP(AU4,Data,9,FALSE),(AT4-VLOOKUP(AU4,Data,9,FALSE))/VLOOKUP(AU4,Data,7,FALSE),0))))) -> 76.89 | AW4: =-VLOOKUP(AU4,Data,2,FALSE)*COS(RADIANS(180*(IF(AT4>VLOOKUP(AU4,Data,8,FALSE),1,IF(AT4>VLOOKUP(AU4,Data,4,FALSE),(AT4-VLOOKUP(AU4,Data,4,FALSE))/VLOOKUP(AU4,Data,5,FALSE),0)))+180*(IF(AT4>VLOOKUP(AU4,Data,10,FALSE),1,IF(AT4>VLOOKUP(AU4,Data,9,FALSE),(AT4-VLOOKUP(AU4,Data,9,FALSE))/VLOOKUP(AU4,Data,7,FALSE),0))))) -> -48.75 | AX4: -23.11 | AY4: =-OutRadius -> -48.75
A5: 5 | B5: =B$4+VLOOKUP(Lanes!C5,Data,5,FALSE)*(A5/180) -> 80.309973 | C5: =C4 -> 1 | D5: =(Straight-(IF(B5>VLOOKUP(C5,Data,4,FALSE),1,B5/VLOOKUP(C5,Data,4,FALSE)))*Straight+(IF(B5>VLOOKUP(C5,Data,9,FALSE),1,IF(B5>VLOOKUP(C5,Data,8,FALSE),(B5-VLOOKUP(C5,Data,8,FALSE))/VLOOKUP(C5,Data,6,FALSE),0)))*Straight)-VLOOKUP(C5,Data,2,FALSE)*SIN(RADIANS(180*(IF(B5>VLOOKUP(C5,Data,8,FALSE),1,IF(B5>VLOOKUP(C5,Data,4,FALSE),(B5-VLOOKUP(C5,Data,4,FALSE))/VLOOKUP(C5,Data,5,FALSE),0)))+180*(IF(B5>VLOOKUP(C5,Data,10,FALSE),1,IF(B5>VLOOKUP(C5,Data,9,FALSE),(B5-VLOOKUP(C5,Data,9,FALSE))/VLOOKUP(C5,Data,7,FALSE),0))))) -> -3.3982024 | E5: =-VLOOKUP(C5,Data,2,FALSE)*COS(RADIANS(180*(IF(B5>VLOOKUP(C5,Data,8,FALSE),1,IF(B5>VLOOKUP(C5,Data,4,FALSE),(B5-VLOOKUP(C5,Data,4,FALSE))/VLOOKUP(C5,Data,5,FALSE),0)))+180*(IF(B5>VLOOKUP(C5,Data,10,FALSE),1,IF(B5>VLOOKUP(C5,Data,9,FALSE),(B5-VLOOKUP(C5,Data,9,FALSE))/VLOOKUP(C5,Data,7,FALSE),0))))) -> -38.841631 | F5: 5 | G5: =G$4+VLOOKUP(Lanes!H5,Data,5,FALSE)*(F5/180) -> 80.416438 | H5: =H4 -> 2 | I5: =(Straight-(IF(G5>VLOOKUP(H5,Data,4,FALSE),1,G5/VLOOKUP(H5,Data,4,FALSE)))*Straight+(IF(G5>VLOOKUP(H5,Data,9,FALSE),1,IF(G5>VLOOKUP(H5,Data,8,FALSE),(G5-VLOOKUP(H5,Data,8,FALSE))/VLOOKUP(H5,Data,6,FALSE),0)))*Straight)-VLOOKUP(H5,Data,2,FALSE)*SIN(RADIANS(180*(IF(G5>VLOOKUP(H5,Data,8,FALSE),1,IF(G5>VLOOKUP(H5,Data,4,FALSE),(G5-VLOOKUP(H5,Data,4,FALSE))/VLOOKUP(H5,Data,5,FALSE),0)))+180*(IF(G5>VLOOKUP(H5,Data,10,FALSE),1,IF(G5>VLOOKUP(H5,Data,9,FALSE),(G5-VLOOKUP(H5,Data,9,FALSE))/VLOOKUP(H5,Data,7,FALSE),0))))) -> -3.5045324 | J5: =-VLOOKUP(H5,Data,2,FALSE)*COS(RADIANS(180*(IF(G5>VLOOKUP(H5,Data,8,FALSE),1,IF(G5>VLOOKUP(H5,Data,4,FALSE),(G5-VLOOKUP(H5,Data,4,FALSE))/VLOOKUP(H5,Data,5,FALSE),0)))+180*(IF(G5>VLOOKUP(H5,Data,10,FALSE),1,IF(G5>VLOOKUP(H5,Data,9,FALSE),(G5-VLOOKUP(H5,Data,9,FALSE))/VLOOKUP(H5,Data,7,FALSE),0))))) -> -40.056989 | K5: 5 | L5: =L$4+VLOOKUP(Lanes!M5,Data,5,FALSE)*(K5/180) -> 80.522903 | M5: =M4 -> 3 | N5: =(Straight-(IF(L5>VLOOKUP(M5,Data,4,FALSE),1,L5/VLOOKUP(M5,Data,4,FALSE)))*Straight+(IF(L5>VLOOKUP(M5,Data,9,FALSE),1,IF(L5>VLOOKUP(M5,Data,8,FALSE),(L5-VLOOKUP(M5,Data,8,FALSE))/VLOOKUP(M5,Data,6,FALSE),0)))*Straight)-VLOOKUP(M5,Data,2,FALSE)*SIN(RADIANS(180*(IF(L5>VLOOKUP(M5,Data,8,FALSE),1,IF(L5>VLOOKUP(M5,Data,4,FALSE),(L5-VLOOKUP(M5,Data,4,FALSE))/VLOOKUP(M5,Data,5,FALSE),0)))+180*(IF(L5>VLOOKUP(M5,Data,10,FALSE),1,IF(L5>VLOOKUP(M5,Data,9,FALSE),(L5-VLOOKUP(M5,Data,9,FALSE))/VLOOKUP(M5,Data,7,FALSE),0))))) -> -3.6108624 | O5: =-VLOOKUP(M5,Data,2,FALSE)*COS(RADIANS(180*(IF(L5>VLOOKUP(M5,Data,8,FALSE),1,IF(L5>VLOOKUP(M5,Data,4,FALSE),(L5-VLOOKUP(M5,Data,4,FALSE))/VLOOKUP(M5,Data,5,FALSE),0)))+180*(IF(L5>VLOOKUP(M5,Data,10,FALSE),1,IF(L5>VLOOKUP(M5,Data,9,FALSE),(L5-VLOOKUP(M5,Data,9,FALSE))/VLOOKUP(M5,Data,7,FALSE),0))))) -> -41.272346 | P5: 5 | Q5: =Q$4+VLOOKUP(Lanes!R5,Data,5,FALSE)*(P5/180) -> 80.629368 | R5: =R4 -> 4 | S5: =(Straight-(IF(Q5>VLOOKUP(R5,Data,4,FALSE),1,Q5/VLOOKUP(R5,Data,4,FALSE)))*Straight+(IF(Q5>VLOOKUP(R5,Data,9,FALSE),1,IF(Q5>VLOOKUP(R5,Data,8,FALSE),(Q5-VLOOKUP(R5,Data,8,FALSE))/VLOOKUP(R5,Data,6,FALSE),0)))*Straight)-VLOOKUP(R5,Data,2,FALSE)*SIN(RADIANS(180*(IF(Q5>VLOOKUP(R5,Data,8,FALSE),1,IF(Q5>VLOOKUP(R5,Data,4,FALSE),(Q5-VLOOKUP(R5,Data,4,FALSE))/VLOOKUP(R5,Data,5,FALSE),0)))+180*(IF(Q5>VLOOKUP(R5,Data,10,FALSE),1,IF(Q5>VLOOKUP(R5,Data,9,FALSE),(Q5-VLOOKUP(R5,Data,9,FALSE))/VLOOKUP(R5,Data,7,FALSE),0))))) -> -3.7171924 | T5: =-VLOOKUP(R5,Data,2,FALSE)*COS(RADIANS(180*(IF(Q5>VLOOKUP(R5,Data,8,FALSE),1,IF(Q5>VLOOKUP(R5,Data,4,FALSE),(Q5-VLOOKUP(R5,Data,4,FALSE))/VLOOKUP(R5,Data,5,FALSE),0)))+180*(IF(Q5>VLOOKUP(R5,Data,10,FALSE),1,IF(Q5>VLOOKUP(R5,Data,9,FALSE),(Q5-VLOOKUP(R5,Data,9,FALSE))/VLOOKUP(R5,Data,7,FALSE),0))))) -> -42.487704 | U5: 5 | V5: =V$4+VLOOKUP(Lanes!W5,Data,5,FALSE)*(U5/180) -> 80.735833 | W5: =W4 -> 5 | X5: =(Straight-(IF(V5>VLOOKUP(W5,Data,4,FALSE),1,V5/VLOOKUP(W5,Data,4,FALSE)))*Straight+(IF(V5>VLOOKUP(W5,Data,9,FALSE),1,IF(V5>VLOOKUP(W5,Data,8,FALSE),(V5-VLOOKUP(W5,Data,8,FALSE))/VLOOKUP(W5,Data,6,FALSE),0)))*Straight)-VLOOKUP(W5,Data,2,FALSE)*SIN(RADIANS(180*(IF(V5>VLOOKUP(W5,Data,8,FALSE),1,IF(V5>VLOOKUP(W5,Data,4,FALSE),(V5-VLOOKUP(W5,Data,4,FALSE))/VLOOKUP(W5,Data,5,FALSE),0)))+180*(IF(V5>VLOOKUP(W5,Data,10,FALSE),1,IF(V5>VLOOKUP(W5,Data,9,FALSE),(V5-VLOOKUP(W5,Data,9,FALSE))/VLOOKUP(W5,Data,7,FALSE),0))))) -> -3.8235224 | Y5: =-VLOOKUP(W5,Data,2,FALSE)*COS(RADIANS(180*(IF(V5>VLOOKUP(W5,Data,8,FALSE),1,IF(V5>VLOOKUP(W5,Data,4,FALSE),(V5-VLOOKUP(W5,Data,4,FALSE))/VLOOKUP(W5,Data,5,FALSE),0)))+180*(IF(V5>VLOOKUP(W5,Data,10,FALSE),1,IF(V5>VLOOKUP(W5,Data,9,FALSE),(V5-VLOOKUP(W5,Data,9,FALSE))/VLOOKUP(W5,Data,7,FALSE),0))))) -> -43.703061 | Z5: 5 | AA5: =AA$4+VLOOKUP(Lanes!AB5,Data,5,FALSE)*(Z5/180) -> 80.842298 | AB5: =AB4 -> 6 | AC5: =(Straight-(IF(AA5>VLOOKUP(AB5,Data,4,FALSE),1,AA5/VLOOKUP(AB5,Data,4,FALSE)))*Straight+(IF(AA5>VLOOKUP(AB5,Data,9,FALSE),1,IF(AA5>VLOOKUP(AB5,Data,8,FALSE),(AA5-VLOOKUP(AB5,Data,8,FALSE))/VLOOKUP(AB5,Data,6,FALSE),0)))*Straight)-VLOOKUP(AB5,Data,2,FALSE)*SIN(RADIANS(180*(IF(AA5>VLOOKUP(AB5,Data,8,FALSE),1,IF(AA5>VLOOKUP(AB5,Data,4,FALSE),(AA5-VLOOKUP(AB5,Data,4,FALSE))/VLOOKUP(AB5,Data,5,FALSE),0)))+180*(IF(AA5>VLOOKUP(AB5,Data,10,FALSE),1,IF(AA5>VLOOKUP(AB5,Data,9,FALSE),(AA5-VLOOKUP(AB5,Data,9,FALSE))/VLOOKUP(AB5,Data,7,FALSE),0))))) -> -3.9298524 | AD5: =-VLOOKUP(AB5,Data,2,FALSE)*COS(RADIANS(180*(IF(AA5>VLOOKUP(AB5,Data,8,FALSE),1,IF(AA5>VLOOKUP(AB5,Data,4,FALSE),(AA5-VLOOKUP(AB5,Data,4,FALSE))/VLOOKUP(AB5,Data,5,FALSE),0)))+180*(IF(AA5>VLOOKUP(AB5,Data,10,FALSE),1,IF(AA5>VLOOKUP(AB5,Data,9,FALSE),(AA5-VLOOKUP(AB5,Data,9,FALSE))/VLOOKUP(AB5,Data,7,FALSE),0))))) -> -44.918419 | AE5: 5 | AF5: =AF$4+VLOOKUP(Lanes!AG5,Data,5,FALSE)*(AE5/180) -> 80.948763 | AG5: =AG4 -> 7 | AH5: =(Straight-(IF(AF5>VLOOKUP(AG5,Data,4,FALSE),1,AF5/VLOOKUP(AG5,Data,4,FALSE)))*Straight+(IF(AF5>VLOOKUP(AG5,Data,9,FALSE),1,IF(AF5>VLOOKUP(AG5,Data,8,FALSE),(AF5-VLOOKUP(AG5,Data,8,FALSE))/VLOOKUP(AG5,Data,6,FALSE),0)))*Straight)-VLOOKUP(AG5,Data,2,FALSE)*SIN(RADIANS(180*(IF(AF5>VLOOKUP(AG5,Data,8,FALSE),1,IF(AF5>VLOOKUP(AG5,Data,4,FALSE),(AF5-VLOOKUP(AG5,Data,4,FALSE))/VLOOKUP(AG5,Data,5,FALSE),0)))+180*(IF(AF5>VLOOKUP(AG5,Data,10,FALSE),1,IF(AF5>VLOOKUP(AG5,Data,9,FALSE),(AF5-VLOOKUP(AG5,Data,9,FALSE))/VLOOKUP(AG5,Data,7,FALSE),0))))) -> -4.0361824 | AI5: =-VLOOKUP(AG5,Data,2,FALSE)*COS(RADIANS(180*(IF(AF5>VLOOKUP(AG5,Data,8,FALSE),1,IF(AF5>VLOOKUP(AG5,Data,4,FALSE),(AF5-VLOOKUP(AG5,Data,4,FALSE))/VLOOKUP(AG5,Data,5,FALSE),0)))+180*(IF(AF5>VLOOKUP(AG5,Data,10,FALSE),1,IF(AF5>VLOOKUP(AG5,Data,9,FALSE),(AF5-VLOOKUP(AG5,Data,9,FALSE))/VLOOKUP(AG5,Data,7,FALSE),0))))) -> -46.133776 | AJ5: 5 | AK5: =AK$4+VLOOKUP(Lanes!AL5,Data,5,FALSE)*(AJ5/180) -> 81.055228 | AL5: =AL4 -> 8 | AM5: =(Straight-(IF(AK5>VLOOKUP(AL5,Data,4,FALSE),1,AK5/VLOOKUP(AL5,Data,4,FALSE)))*Straight+(IF(AK5>VLOOKUP(AL5,Data,9,FALSE),1,IF(AK5>VLOOKUP(AL5,Data,8,FALSE),(AK5-VLOOKUP(AL5,Data,8,FALSE))/VLOOKUP(AL5,Data,6,FALSE),0)))*Straight)-VLOOKUP(AL5,Data,2,FALSE)*SIN(RADIANS(180*(IF(AK5>VLOOKUP(AL5,Data,8,FALSE),1,IF(AK5>VLOOKUP(AL5,Data,4,FALSE),(AK5-VLOOKUP(AL5,Data,4,FALSE))/VLOOKUP(AL5,Data,5,FALSE),0)))+180*(IF(AK5>VLOOKUP(AL5,Data,10,FALSE),1,IF(AK5>VLOOKUP(AL5,Data,9,FALSE),(AK5-VLOOKUP(AL5,Data,9,FALSE))/VLOOKUP(AL5,Data,7,FALSE),0))))) -> -4.1425125 | AN5: =-VLOOKUP(AL5,Data,2,FALSE)*COS(RADIANS(180*(IF(AK5>VLOOKUP(AL5,Data,8,FALSE),1,IF(AK5>VLOOKUP(AL5,Data,4,FALSE),(AK5-VLOOKUP(AL5,Data,4,FALSE))/VLOOKUP(AL5,Data,5,FALSE),0)))+180*(IF(AK5>VLOOKUP(AL5,Data,10,FALSE),1,IF(AK5>VLOOKUP(AL5,Data,9,FALSE),(AK5-VLOOKUP(AL5,Data,9,FALSE))/VLOOKUP(AL5,Data,7,FALSE),0))))) -> -47.349134 | AO5: 5 | AP5: =AP$4+VLOOKUP(Lanes!AQ5,Data,5,FALSE)*(AO5/180) -> 81.161693 | AQ5: =AQ4 -> 9 | AR5: =(Straight-(IF(AP5>VLOOKUP(AQ5,Data,4,FALSE),1,AP5/VLOOKUP(AQ5,Data,4,FALSE)))*Straight+(IF(AP5>VLOOKUP(AQ5,Data,9,FALSE),1,IF(AP5>VLOOKUP(AQ5,Data,8,FALSE),(AP5-VLOOKUP(AQ5,Data,8,FALSE))/VLOOKUP(AQ5,Data,6,FALSE),0)))*Straight)-VLOOKUP(AQ5,Data,2,FALSE)*SIN(RADIANS(180*(IF(AP5>VLOOKUP(AQ5,Data,8,FALSE),1,IF(AP5>VLOOKUP(AQ5,Data,4,FALSE),(AP5-VLOOKUP(AQ5,Data,4,FALSE))/VLOOKUP(AQ5,Data,5,FALSE),0)))+180*(IF(AP5>VLOOKUP(AQ5,Data,10,FALSE),1,IF(AP5>VLOOKUP(AQ5,Data,9,FALSE),(AP5-VLOOKUP(AQ5,Data,9,FALSE))/VLOOKUP(AQ5,Data,7,FALSE),0))))) -> -4.2488425 | AS5: =-VLOOKUP(AQ5,Data,2,FALSE)*COS(RADIANS(180*(IF(AP5>VLOOKUP(AQ5,Data,8,FALSE),1,IF(AP5>VLOOKUP(AQ5,Data,4,FALSE),(AP5-VLOOKUP(AQ5,Data,4,FALSE))/VLOOKUP(AQ5,Data,5,FALSE),0)))+180*(IF(AP5>VLOOKUP(AQ5,Data,10,FALSE),1,IF(AP5>VLOOKUP(AQ5,Data,9,FALSE),(AP5-VLOOKUP(AQ5,Data,9,FALSE))/VLOOKUP(AQ5,Data,7,FALSE),0))))) -> -48.564492 | AX5: Home Straight Lane 1
A6: 10 | B6: =B$4+VLOOKUP(Lanes!C6,Data,5,FALSE)*(A6/180) -> 83.729945 | C6: =C5 -> 1 | D6: =(Straight-(IF(B6>VLOOKUP(C6,Data,4,FALSE),1,B6/VLOOKUP(C6,Data,4,FALSE)))*Straight+(IF(B6>VLOOKUP(C6,Data,9,FALSE),1,IF(B6>VLOOKUP(C6,Data,8,FALSE),(B6-VLOOKUP(C6,Data,8,FALSE))/VLOOKUP(C6,Data,6,FALSE),0)))*Straight)-VLOOKUP(C6,Data,2,FALSE)*SIN(RADIANS(180*(IF(B6>VLOOKUP(C6,Data,8,FALSE),1,IF(B6>VLOOKUP(C6,Data,4,FALSE),(B6-VLOOKUP(C6,Data,4,FALSE))/VLOOKUP(C6,Data,5,FALSE),0)))+180*(IF(B6>VLOOKUP(C6,Data,10,FALSE),1,IF(B6>VLOOKUP(C6,Data,9,FALSE),(B6-VLOOKUP(C6,Data,9,FALSE))/VLOOKUP(C6,Data,7,FALSE),0))))) -> -6.7705424 | E6: =-VLOOKUP(C6,Data,2,FALSE)*COS(RADIANS(180*(IF(B6>VLOOKUP(C6,Data,8,FALSE),1,IF(B6>VLOOKUP(C6,Data,4,FALSE),(B6-VLOOKUP(C6,Data,4,FALSE))/VLOOKUP(C6,Data,5,FALSE),0)))+180*(IF(B6>VLOOKUP(C6,Data,10,FALSE),1,IF(B6>VLOOKUP(C6,Data,9,FALSE),(B6-VLOOKUP(C6,Data,9,FALSE))/VLOOKUP(C6,Data,7,FALSE),0))))) -> -38.397654 | F6: 10 | G6: =G$4+VLOOKUP(Lanes!H6,Data,5,FALSE)*(F6/180) -> 83.942876 | H6: =H5 -> 2 | I6: =(Straight-(IF(G6>VLOOKUP(H6,Data,4,FALSE),1,G6/VLOOKUP(H6,Data,4,FALSE)))*Straight+(IF(G6>VLOOKUP(H6,Data,9,FALSE),1,IF(G6>VLOOKUP(H6,Data,8,FALSE),(G6-VLOOKUP(H6,Data,8,FALSE))/VLOOKUP(H6,Data,6,FALSE),0)))*Straight)-VLOOKUP(H6,Data,2,FALSE)*SIN(RADIANS(180*(IF(G6>VLOOKUP(H6,Data,8,FALSE),1,IF(G6>VLOOKUP(H6,Data,4,FALSE),(G6-VLOOKUP(H6,Data,4,FALSE))/VLOOKUP(H6,Data,5,FALSE),0)))+180*(IF(G6>VLOOKUP(H6,Data,10,FALSE),1,IF(G6>VLOOKUP(H6,Data,9,FALSE),(G6-VLOOKUP(H6,Data,9,FALSE))/VLOOKUP(H6,Data,7,FALSE),0))))) -> -6.9823932 | J6: =-VLOOKUP(H6,Data,2,FALSE)*COS(RADIANS(180*(IF(G6>VLOOKUP(H6,Data,8,FALSE),1,IF(G6>VLOOKUP(H6,Data,4,FALSE),(G6-VLOOKUP(H6,Data,4,FALSE))/VLOOKUP(H6,Data,5,FALSE),0)))+180*(IF(G6>VLOOKUP(H6,Data,10,FALSE),1,IF(G6>VLOOKUP(H6,Data,9,FALSE),(G6-VLOOKUP(H6,Data,9,FALSE))/VLOOKUP(H6,Data,7,FALSE),0))))) -> -39.59912 | K6: 10 | L6: =L$4+VLOOKUP(Lanes!M6,Data,5,FALSE)*(K6/180) -> 84.155806 | M6: =M5 -> 3 | N6: =(Straight-(IF(L6>VLOOKUP(M6,Data,4,FALSE),1,L6/VLOOKUP(M6,Data,4,FALSE)))*Straight+(IF(L6>VLOOKUP(M6,Data,9,FALSE),1,IF(L6>VLOOKUP(M6,Data,8,FALSE),(L6-VLOOKUP(M6,Data,8,FALSE))/VLOOKUP(M6,Data,6,FALSE),0)))*Straight)-VLOOKUP(M6,Data,2,FALSE)*SIN(RADIANS(180*(IF(L6>VLOOKUP(M6,Data,8,FALSE),1,IF(L6>VLOOKUP(M6,Data,4,FALSE),(L6-VLOOKUP(M6,Data,4,FALSE))/VLOOKUP(M6,Data,5,FALSE),0)))+180*(IF(L6>VLOOKUP(M6,Data,10,FALSE),1,IF(L6>VLOOKUP(M6,Data,9,FALSE),(L6-VLOOKUP(M6,Data,9,FALSE))/VLOOKUP(M6,Data,7,FALSE),0))))) -> -7.194244 | O6: =-VLOOKUP(M6,Data,2,FALSE)*COS(RADIANS(180*(IF(L6>VLOOKUP(M6,Data,8,FALSE),1,IF(L6>VLOOKUP(M6,Data,4,FALSE),(L6-VLOOKUP(M6,Data,4,FALSE))/VLOOKUP(M6,Data,5,FALSE),0)))+180*(IF(L6>VLOOKUP(M6,Data,10,FALSE),1,IF(L6>VLOOKUP(M6,Data,9,FALSE),(L6-VLOOKUP(M6,Data,9,FALSE))/VLOOKUP(M6,Data,7,FALSE),0))))) -> -40.800585 | P6: 10 | Q6: =Q$4+VLOOKUP(Lanes!R6,Data,5,FALSE)*(P6/180) -> 84.368736 | R6: =R5 -> 4 | S6: =(Straight-(IF(Q6>VLOOKUP(R6,Data,4,FALSE),1,Q6/VLOOKUP(R6,Data,4,FALSE)))*Straight+(IF(Q6>VLOOKUP(R6,Data,9,FALSE),1,IF(Q6>VLOOKUP(R6,Data,8,FALSE),(Q6-VLOOKUP(R6,Data,8,FALSE))/VLOOKUP(R6,Data,6,FALSE),0)))*Straight)-VLOOKUP(R6,Data,2,FALSE)*SIN(RADIANS(180*(IF(Q6>VLOOKUP(R6,Data,8,FALSE),1,IF(Q6>VLOOKUP(R6,Data,4,FALSE),(Q6-VLOOKUP(R6,Data,4,FALSE))/VLOOKUP(R6,Data,5,FALSE),0)))+180*(IF(Q6>VLOOKUP(R6,Data,10,FALSE),1,IF(Q6>VLOOKUP(R6,Data,9,FALSE),(Q6-VLOOKUP(R6,Data,9,FALSE))/VLOOKUP(R6,Data,7,FALSE),0))))) -> -7.4060948 | T6: =-VLOOKUP(R6,Data,2,FALSE)*COS(RADIANS(180*(IF(Q6>VLOOKUP(R6,Data,8,FALSE),1,IF(Q6>VLOOKUP(R6,Data,4,FALSE),(Q6-VLOOKUP(R6,Data,4,FALSE))/VLOOKUP(R6,Data,5,FALSE),0)))+180*(IF(Q6>VLOOKUP(R6,Data,10,FALSE),1,IF(Q6>VLOOKUP(R6,Data,9,FALSE),(Q6-VLOOKUP(R6,Data,9,FALSE))/VLOOKUP(R6,Data,7,FALSE),0))))) -> -42.002051 | U6: 10 | V6: =V$4+VLOOKUP(Lanes!W6,Data,5,FALSE)*(U6/180) -> 84.581666 | W6: =W5 -> 5 | X6: =(Straight-(IF(V6>VLOOKUP(W6,Data,4,FALSE),1,V6/VLOOKUP(W6,Data,4,FALSE)))*Straight+(IF(V6>VLOOKUP(W6,Data,9,FALSE),1,IF(V6>VLOOKUP(W6,Data,8,FALSE),(V6-VLOOKUP(W6,Data,8,FALSE))/VLOOKUP(W6,Data,6,FALSE),0)))*Straight)-VLOOKUP(W6,Data,2,FALSE)*SIN(RADIANS(180*(IF(V6>VLOOKUP(W6,Data,8,FALSE),1,IF(V6>VLOOKUP(W6,Data,4,FALSE),(V6-VLOOKUP(W6,Data,4,FALSE))/VLOOKUP(W6,Data,5,FALSE),0)))+180*(IF(V6>VLOOKUP(W6,Data,10,FALSE),1,IF(V6>VLOOKUP(W6,Data,9,FALSE),(V6-VLOOKUP(W6,Data,9,FALSE))/VLOOKUP(W6,Data,7,FALSE),0))))) -> -7.6179456 | Y6: =-VLOOKUP(W6,Data,2,FALSE)*COS(RADIANS(180*(IF(V6>VLOOKUP(W6,Data,8,FALSE),1,IF(V6>VLOOKUP(W6,Data,4,FALSE),(V6-VLOOKUP(W6,Data,4,FALSE))/VLOOKUP(W6,Data,5,FALSE),0)))+180*(IF(V6>VLOOKUP(W6,Data,10,FALSE),1,IF(V6>VLOOKUP(W6,Data,9,FALSE),(V6-VLOOKUP(W6,Data,9,FALSE))/VLOOKUP(W6,Data,7,FALSE),0))))) -> -43.203516 | Z6: 10 | AA6: =AA$4+VLOOKUP(Lanes!AB6,Data,5,FALSE)*(Z6/180) -> 84.794596 | AB6: =AB5 -> 6 | AC6: =(Straight-(IF(AA6>VLOOKUP(AB6,Data,4,FALSE),1,AA6/VLOOKUP(AB6,Data,4,FALSE)))*Straight+(IF(AA6>VLOOKUP(AB6,Data,9,FALSE),1,IF(AA6>VLOOKUP(AB6,Data,8,FALSE),(AA6-VLOOKUP(AB6,Data,8,FALSE))/VLOOKUP(AB6,Data,6,FALSE),0)))*Straight)-VLOOKUP(AB6,Data,2,FALSE)*SIN(RADIANS(180*(IF(AA6>VLOOKUP(AB6,Data,8,FALSE),1,IF(AA6>VLOOKUP(AB6,Data,4,FALSE),(AA6-VLOOKUP(AB6,Data,4,FALSE))/VLOOKUP(AB6,Data,5,FALSE),0)))+180*(IF(AA6>VLOOKUP(AB6,Data,10,FALSE),1,IF(AA6>VLOOKUP(AB6,Data,9,FALSE),(AA6-VLOOKUP(AB6,Data,9,FALSE))/VLOOKUP(AB6,Data,7,FALSE),0))))) -> -7.8297963 | AD6: =-VLOOKUP(AB6,Data,2,FALSE)*COS(RADIANS(180*(IF(AA6>VLOOKUP(AB6,Data,8,FALSE),1,IF(AA6>VLOOKUP(AB6,Data,4,FALSE),(AA6-VLOOKUP(AB6,Data,4,FALSE))/VLOOKUP(AB6,Data,5,FALSE),0)))+180*(IF(AA6>VLOOKUP(AB6,Data,10,FALSE),1,IF(AA6>VLOOKUP(AB6,Data,9,FALSE),(AA6-VLOOKUP(AB6,Data,9,FALSE))/VLOOKUP(AB6,Data,7,FALSE),0))))) -> -44.404982 | AE6: 10 | AF6: =AF$4+VLOOKUP(Lanes!AG6,Data,5,FALSE)*(AE6/180) -> 85.007526 | AG6: =AG5 -> 7 | AH6: =(Straight-(IF(AF6>VLOOKUP(AG6,Data,4,FALSE),1,AF6/VLOOKUP(AG6,Data,4,FALSE)))*Straight+(IF(AF6>VLOOKUP(AG6,Data,9,FALSE),1,IF(AF6>VLOOKUP(AG6,Data,8,FALSE),(AF6-VLOOKUP(AG6,Data,8,FALSE))/VLOOKUP(AG6,Data,6,FALSE),0)))*Straight)-VLOOKUP(AG6,Data,2,FALSE)*SIN(RADIANS(180*(IF(AF6>VLOOKUP(AG6,Data,8,FALSE),1,IF(AF6>VLOOKUP(AG6,Data,4,FALSE),(AF6-VLOOKUP(AG6,Data,4,FALSE))/VLOOKUP(AG6,Data,5,FALSE),0)))+180*(IF(AF6>VLOOKUP(AG6,Data,10,FALSE),1,IF(AF6>VLOOKUP(AG6,Data,9,FALSE),(AF6-VLOOKUP(AG6,Data,9,FALSE))/VLOOKUP(AG6,Data,7,FALSE),0))))) -> -8.0416471 | AI6: =-VLOOKUP(AG6,Data,2,FALSE)*COS(RADIANS(180*(IF(AF6>VLOOKUP(AG6,Data,8,FALSE),1,IF(AF6>VLOOKUP(AG6,Data,4,FALSE),(AF6-VLOOKUP(AG6,Data,4,FALSE))/VLOOKUP(AG6,Data,5,FALSE),0)))+180*(IF(AF6>VLOOKUP(AG6,Data,10,FALSE),1,IF(AF6>VLOOKUP(AG6,Data,9,FALSE),(AF6-VLOOKUP(AG6,Data,9,FALSE))/VLOOKUP(AG6,Data,7,FALSE),0))))) -> -45.606447 | AJ6: 10 | AK6: =AK$4+VLOOKUP(Lanes!AL6,Data,5,FALSE)*(AJ6/180) -> 85.220457 | AL6: =AL5 -> 8 | AM6: =(Straight-(IF(AK6>VLOOKUP(AL6,Data,4,FALSE),1,AK6/VLOOKUP(AL6,Data,4,FALSE)))*Straight+(IF(AK6>VLOOKUP(AL6,Data,9,FALSE),1,IF(AK6>VLOOKUP(AL6,Data,8,FALSE),(AK6-VLOOKUP(AL6,Data,8,FALSE))/VLOOKUP(AL6,Data,6,FALSE),0)))*Straight)-VLOOKUP(AL6,Data,2,FALSE)*SIN(RADIANS(180*(IF(AK6>VLOOKUP(AL6,Data,8,FALSE),1,IF(AK6>VLOOKUP(AL6,Data,4,FALSE),(AK6-VLOOKUP(AL6,Data,4,FALSE))/VLOOKUP(AL6,Data,5,FALSE),0)))+180*(IF(AK6>VLOOKUP(AL6,Data,10,FALSE),1,IF(AK6>VLOOKUP(AL6,Data,9,FALSE),(AK6-VLOOKUP(AL6,Data,9,FALSE))/VLOOKUP(AL6,Data,7,FALSE),0))))) -> -8.2534979 | AN6: =-VLOOKUP(AL6,Data,2,FALSE)*COS(RADIANS(180*(IF(AK6>VLOOKUP(AL6,Data,8,FALSE),1,IF(AK6>VLOOKUP(AL6,Data,4,FALSE),(AK6-VLOOKUP(AL6,Data,4,FALSE))/VLOOKUP(AL6,Data,5,FALSE),0)))+180*(IF(AK6>VLOOKUP(AL6,Data,10,FALSE),1,IF(AK6>VLOOKUP(AL6,Data,9,FALSE),(AK6-VLOOKUP(AL6,Data,9,FALSE))/VLOOKUP(AL6,Data,7,FALSE),0))))) -> -46.807913 | AO6: 10 | AP6: =AP$4+VLOOKUP(Lanes!AQ6,Data,5,FALSE)*(AO6/180) -> 85.433387 | AQ6: =AQ5 -> 9 | AR6: =(Straight-(IF(AP6>VLOOKUP(AQ6,Data,4,FALSE),1,AP6/VLOOKUP(AQ6,Data,4,FALSE)))*Straight+(IF(AP6>VLOOKUP(AQ6,Data,9,FALSE),1,IF(AP6>VLOOKUP(AQ6,Data,8,FALSE),(AP6-VLOOKUP(AQ6,Data,8,FALSE))/VLOOKUP(AQ6,Data,6,FALSE),0)))*Straight)-VLOOKUP(AQ6,Data,2,FALSE)*SIN(RADIANS(180*(IF(AP6>VLOOKUP(AQ6,Data,8,FALSE),1,IF(AP6>VLOOKUP(AQ6,Data,4,FALSE),(AP6-VLOOKUP(AQ6,Data,4,FALSE))/VLOOKUP(AQ6,Data,5,FALSE),0)))+180*(IF(AP6>VLOOKUP(AQ6,Data,10,FALSE),1,IF(AP6>VLOOKUP(AQ6,Data,9,FALSE),(AP6-VLOOKUP(AQ6,Data,9,FALSE))/VLOOKUP(AQ6,Data,7,FALSE),0))))) -> -8.4653487 | AS6: =-VLOOKUP(AQ6,Data,2,FALSE)*COS(RADIANS(180*(IF(AP6>VLOOKUP(AQ6,Data,8,FALSE),1,IF(AP6>VLOOKUP(AQ6,Data,4,FALSE),(AP6-VLOOKUP(AQ6,Data,4,FALSE))/VLOOKUP(AQ6,Data,5,FALSE),0)))+180*(IF(AP6>VLOOKUP(AQ6,Data,10,FALSE),1,IF(AP6>VLOOKUP(AQ6,Data,9,FALSE),(AP6-VLOOKUP(AQ6,Data,9,FALSE))/VLOOKUP(AQ6,Data,7,FALSE),0))))) -> -48.009378 | AX6: X | AY6: Y
A7: 15 | B7: =B$4+VLOOKUP(Lanes!C7,Data,5,FALSE)*(A7/180) -> 87.149918 | C7: =C6 -> 1 | D7: =(Straight-(IF(B7>VLOOKUP(C7,Data,4,FALSE),1,B7/VLOOKUP(C7,Data,4,FALSE)))*Straight+(IF(B7>VLOOKUP(C7,Data,9,FALSE),1,IF(B7>VLOOKUP(C7,Data,8,FALSE),(B7-VLOOKUP(C7,Data,8,FALSE))/VLOOKUP(C7,Data,6,FALSE),0)))*Straight)-VLOOKUP(C7,Data,2,FALSE)*SIN(RADIANS(180*(IF(B7>VLOOKUP(C7,Data,8,FALSE),1,IF(B7>VLOOKUP(C7,Data,4,FALSE),(B7-VLOOKUP(C7,Data,4,FALSE))/VLOOKUP(C7,Data,5,FALSE),0)))+180*(IF(B7>VLOOKUP(C7,Data,10,FALSE),1,IF(B7>VLOOKUP(C7,Data,9,FALSE),(B7-VLOOKUP(C7,Data,9,FALSE))/VLOOKUP(C7,Data,7,FALSE),0))))) -> -10.091355 | E7: =-VLOOKUP(C7,Data,2,FALSE)*COS(RADIANS(180*(IF(B7>VLOOKUP(C7,Data,8,FALSE),1,IF(B7>VLOOKUP(C7,Data,4,FALSE),(B7-VLOOKUP(C7,Data,4,FALSE))/VLOOKUP(C7,Data,5,FALSE),0)))+180*(IF(B7>VLOOKUP(C7,Data,10,FALSE),1,IF(B7>VLOOKUP(C7,Data,9,FALSE),(B7-VLOOKUP(C7,Data,9,FALSE))/VLOOKUP(C7,Data,7,FALSE),0))))) -> -37.661448 | F7: 15 | G7: =G$4+VLOOKUP(Lanes!H7,Data,5,FALSE)*(F7/180) -> 87.469313 | H7: =H6 -> 2 | I7: =(Straight-(IF(G7>VLOOKUP(H7,Data,4,FALSE),1,G7/VLOOKUP(H7,Data,4,FALSE)))*Straight+(IF(G7>VLOOKUP(H7,Data,9,FALSE),1,IF(G7>VLOOKUP(H7,Data,8,FALSE),(G7-VLOOKUP(H7,Data,8,FALSE))/VLOOKUP(H7,Data,6,FALSE),0)))*Straight)-VLOOKUP(H7,Data,2,FALSE)*SIN(RADIANS(180*(IF(G7>VLOOKUP(H7,Data,8,FALSE),1,IF(G7>VLOOKUP(H7,Data,4,FALSE),(G7-VLOOKUP(H7,Data,4,FALSE))/VLOOKUP(H7,Data,5,FALSE),0)))+180*(IF(G7>VLOOKUP(H7,Data,10,FALSE),1,IF(G7>VLOOKUP(H7,Data,9,FALSE),(G7-VLOOKUP(H7,Data,9,FALSE))/VLOOKUP(H7,Data,7,FALSE),0))))) -> -10.407114 | J7: =-VLOOKUP(H7,Data,2,FALSE)*COS(RADIANS(180*(IF(G7>VLOOKUP(H7,Data,8,FALSE),1,IF(G7>VLOOKUP(H7,Data,4,FALSE),(G7-VLOOKUP(H7,Data,4,FALSE))/VLOOKUP(H7,Data,5,FALSE),0)))+180*(IF(G7>VLOOKUP(H7,Data,10,FALSE),1,IF(G7>VLOOKUP(H7,Data,9,FALSE),(G7-VLOOKUP(H7,Data,9,FALSE))/VLOOKUP(H7,Data,7,FALSE),0))))) -> -38.839877 | K7: 15 | L7: =L$4+VLOOKUP(Lanes!M7,Data,5,FALSE)*(K7/180) -> 87.788709 | M7: =M6 -> 3 | N7: =(Straight-(IF(L7>VLOOKUP(M7,Data,4,FALSE),1,L7/VLOOKUP(M7,Data,4,FALSE)))*Straight+(IF(L7>VLOOKUP(M7,Data,9,FALSE),1,IF(L7>VLOOKUP(M7,Data,8,FALSE),(L7-VLOOKUP(M7,Data,8,FALSE))/VLOOKUP(M7,Data,6,FALSE),0)))*Straight)-VLOOKUP(M7,Data,2,FALSE)*SIN(RADIANS(180*(IF(L7>VLOOKUP(M7,Data,8,FALSE),1,IF(L7>VLOOKUP(M7,Data,4,FALSE),(L7-VLOOKUP(M7,Data,4,FALSE))/VLOOKUP(M7,Data,5,FALSE),0)))+180*(IF(L7>VLOOKUP(M7,Data,10,FALSE),1,IF(L7>VLOOKUP(M7,Data,9,FALSE),(L7-VLOOKUP(M7,Data,9,FALSE))/VLOOKUP(M7,Data,7,FALSE),0))))) -> -10.722873 | O7: =-VLOOKUP(M7,Data,2,FALSE)*COS(RADIANS(180*(IF(L7>VLOOKUP(M7,Data,8,FALSE),1,IF(L7>VLOOKUP(M7,Data,4,FALSE),(L7-VLOOKUP(M7,Data,4,FALSE))/VLOOKUP(M7,Data,5,FALSE),0)))+180*(IF(L7>VLOOKUP(M7,Data,10,FALSE),1,IF(L7>VLOOKUP(M7,Data,9,FALSE),(L7-VLOOKUP(M7,Data,9,FALSE))/VLOOKUP(M7,Data,7,FALSE),0))))) -> -40.018307 | P7: 15 | Q7: =Q$4+VLOOKUP(Lanes!R7,Data,5,FALSE)*(P7/180) -> 88.108104 | R7: =R6 -> 4 | S7: =(Straight-(IF(Q7>VLOOKUP(R7,Data,4,FALSE),1,Q7/VLOOKUP(R7,Data,4,FALSE)))*Straight+(IF(Q7>VLOOKUP(R7,Data,9,FALSE),1,IF(Q7>VLOOKUP(R7,Data,8,FALSE),(Q7-VLOOKUP(R7,Data,8,FALSE))/VLOOKUP(R7,Data,6,FALSE),0)))*Straight)-VLOOKUP(R7,Data,2,FALSE)*SIN(RADIANS(180*(IF(Q7>VLOOKUP(R7,Data,8,FALSE),1,IF(Q7>VLOOKUP(R7,Data,4,FALSE),(Q7-VLOOKUP(R7,Data,4,FALSE))/VLOOKUP(R7,Data,5,FALSE),0)))+180*(IF(Q7>VLOOKUP(R7,Data,10,FALSE),1,IF(Q7>VLOOKUP(R7,Data,9,FALSE),(Q7-VLOOKUP(R7,Data,9,FALSE))/VLOOKUP(R7,Data,7,FALSE),0))))) -> -11.038632 | T7: =-VLOOKUP(R7,Data,2,FALSE)*COS(RADIANS(180*(IF(Q7>VLOOKUP(R7,Data,8,FALSE),1,IF(Q7>VLOOKUP(R7,Data,4,FALSE),(Q7-VLOOKUP(R7,Data,4,FALSE))/VLOOKUP(R7,Data,5,FALSE),0)))+180*(IF(Q7>VLOOKUP(R7,Data,10,FALSE),1,IF(Q7>VLOOKUP(R7,Data,9,FALSE),(Q7-VLOOKUP(R7,Data,9,FALSE))/VLOOKUP(R7,Data,7,FALSE),0))))) -> -41.196736 | U7: 15 | V7: =V$4+VLOOKUP(Lanes!W7,Data,5,FALSE)*(U7/180) -> 88.427499 | W7: =W6 -> 5 | X7: =(Straight-(IF(V7>VLOOKUP(W7,Data,4,FALSE),1,V7/VLOOKUP(W7,Data,4,FALSE)))*Straight+(IF(V7>VLOOKUP(W7,Data,9,FALSE),1,IF(V7>VLOOKUP(W7,Data,8,FALSE),(V7-VLOOKUP(W7,Data,8,FALSE))/VLOOKUP(W7,Data,6,FALSE),0)))*Straight)-VLOOKUP(W7,Data,2,FALSE)*SIN(RADIANS(180*(IF(V7>VLOOKUP(W7,Data,8,FALSE),1,IF(V7>VLOOKUP(W7,Data,4,FALSE),(V7-VLOOKUP(W7,Data,4,FALSE))/VLOOKUP(W7,Data,5,FALSE),0)))+180*(IF(V7>VLOOKUP(W7,Data,10,FALSE),1,IF(V7>VLOOKUP(W7,Data,9,FALSE),(V7-VLOOKUP(W7,Data,9,FALSE))/VLOOKUP(W7,Data,7,FALSE),0))))) -> -11.354392 | Y7: =-VLOOKUP(W7,Data,2,FALSE)*COS(RADIANS(180*(IF(V7>VLOOKUP(W7,Data,8,FALSE),1,IF(V7>VLOOKUP(W7,Data,4,FALSE),(V7-VLOOKUP(W7,Data,4,FALSE))/VLOOKUP(W7,Data,5,FALSE),0)))+180*(IF(V7>VLOOKUP(W7,Data,10,FALSE),1,IF(V7>VLOOKUP(W7,Data,9,FALSE),(V7-VLOOKUP(W7,Data,9,FALSE))/VLOOKUP(W7,Data,7,FALSE),0))))) -> -42.375166 | Z7: 15 | AA7: =AA$4+VLOOKUP(Lanes!AB7,Data,5,FALSE)*(Z7/180) -> 88.746894 | AB7: =AB6 -> 6 | AC7: =(Straight-(IF(AA7>VLOOKUP(AB7,Data,4,FALSE),1,AA7/VLOOKUP(AB7,Data,4,FALSE)))*Straight+(IF(AA7>VLOOKUP(AB7,Data,9,FALSE),1,IF(AA7>VLOOKUP(AB7,Data,8,FALSE),(AA7-VLOOKUP(AB7,Data,8,FALSE))/VLOOKUP(AB7,Data,6,FALSE),0)))*Straight)-VLOOKUP(AB7,Data,2,FALSE)*SIN(RADIANS(180*(IF(AA7>VLOOKUP(AB7,Data,8,FALSE),1,IF(AA7>VLOOKUP(AB7,Data,4,FALSE),(AA7-VLOOKUP(AB7,Data,4,FALSE))/VLOOKUP(AB7,Data,5,FALSE),0)))+180*(IF(AA7>VLOOKUP(AB7,Data,10,FALSE),1,IF(AA7>VLOOKUP(AB7,Data,9,FALSE),(AA7-VLOOKUP(AB7,Data,9,FALSE))/VLOOKUP(AB7,Data,7,FALSE),0))))) -> -11.670151 | AD7: =-VLOOKUP(AB7,Data,2,FALSE)*COS(RADIANS(180*(IF(AA7>VLOOKUP(AB7,Data,8,FALSE),1,IF(AA7>VLOOKUP(AB7,Data,4,FALSE),(AA7-VLOOKUP(AB7,Data,4,FALSE))/VLOOKUP(AB7,Data,5,FALSE),0)))+180*(IF(AA7>VLOOKUP(AB7,Data,10,FALSE),1,IF(AA7>VLOOKUP(AB7,Data,9,FALSE),(AA7-VLOOKUP(AB7,Data,9,FALSE))/VLOOKUP(AB7,Data,7,FALSE),0))))) -> -43.553596 | AE7: 15 | AF7: =AF$4+VLOOKUP(Lanes!AG7,Data,5,FALSE)*(AE7/180) -> 89.06629 | AG7: =AG6 -> 7 | AH7: =(Straight-(IF(AF7>VLOOKUP(AG7,Data,4,FALSE),1,AF7/VLOOKUP(AG7,Data,4,FALSE)))*Straight+(IF(AF7>VLOOKUP(AG7,Data,9,FALSE),1,IF(AF7>VLOOKUP(AG7,Data,8,FALSE),(AF7-VLOOKUP(AG7,Data,8,FALSE))/VLOOKUP(AG7,Data,6,FALSE),0)))*Straight)-VLOOKUP(AG7,Data,2,FALSE)*SIN(RADIANS(180*(IF(AF7>VLOOKUP(AG7,Data,8,FALSE),1,IF(AF7>VLOOKUP(AG7,Data,4,FALSE),(AF7-VLOOKUP(AG7,Data,4,FALSE))/VLOOKUP(AG7,Data,5,FALSE),0)))+180*(IF(AF7>VLOOKUP(AG7,Data,10,FALSE),1,IF(AF7>VLOOKUP(AG7,Data,9,FALSE),(AF7-VLOOKUP(AG7,Data,9,FALSE))/VLOOKUP(AG7,Data,7,FALSE),0))))) -> -11.98591 | AI7: =-VLOOKUP(AG7,Data,2,FALSE)*COS(RADIANS(180*(IF(AF7>VLOOKUP(AG7,Data,8,FALSE),1,IF(AF7>VLOOKUP(AG7,Data,4,FALSE),(AF7-VLOOKUP(AG7,Data,4,FALSE))/VLOOKUP(AG7,Data,5,FALSE),0)))+180*(IF(AF7>VLOOKUP(AG7,Data,10,FALSE),1,IF(AF7>VLOOKUP(AG7,Data,9,FALSE),(AF7-VLOOKUP(AG7,Data,9,FALSE))/VLOOKUP(AG7,Data,7,FALSE),0))))) -> -44.732025 | AJ7: 15 | AK7: =AK$4+VLOOKUP(Lanes!AL7,Data,5,FALSE)*(AJ7/180) -> 89.385685 | AL7: =AL6 -> 8 | AM7: =(Straight-(IF(AK7>VLOOKUP(AL7,Data,4,FALSE),1,AK7/VLOOKUP(AL7,Data,4,FALSE)))*Straight+(IF(AK7>VLOOKUP(AL7,Data,9,FALSE),1,IF(AK7>VLOOKUP(AL7,Data,8,FALSE),(AK7-VLOOKUP(AL7,Data,8,FALSE))/VLOOKUP(AL7,Data,6,FALSE),0)))*Straight)-VLOOKUP(AL7,Data,2,FALSE)*SIN(RADIANS(180*(IF(AK7>VLOOKUP(AL7,Data,8,FALSE),1,IF(AK7>VLOOKUP(AL7,Data,4,FALSE),(AK7-VLOOKUP(AL7,Data,4,FALSE))/VLOOKUP(AL7,Data,5,FALSE),0)))+180*(IF(AK7>VLOOKUP(AL7,Data,10,FALSE),1,IF(AK7>VLOOKUP(AL7,Data,9,FALSE),(AK7-VLOOKUP(AL7,Data,9,FALSE))/VLOOKUP(AL7,Data,7,FALSE),0))))) -> -12.301669 | AN7: =-VLOOKUP(AL7,Data,2,FALSE)*COS(RADIANS(180*(IF(AK7>VLOOKUP(AL7,Data,8,FALSE),1,IF(AK7>VLOOKUP(AL7,Data,4,FALSE),(AK7-VLOOKUP(AL7,Data,4,FALSE))/VLOOKUP(AL7,Data,5,FALSE),0)))+180*(IF(AK7>VLOOKUP(AL7,Data,10,FALSE),1,IF(AK7>VLOOKUP(AL7,Data,9,FALSE),(AK7-VLOOKUP(AL7,Data,9,FALSE))/VLOOKUP(AL7,Data,7,FALSE),0))))) -> -45.910455 | AO7: 15 | AP7: =AP$4+VLOOKUP(Lanes!AQ7,Data,5,FALSE)*(AO7/180) -> 89.70508 | AQ7: =AQ6 -> 9 | AR7: =(Straight-(IF(AP7>VLOOKUP(AQ7,Data,4,FALSE),1,AP7/VLOOKUP(AQ7,Data,4,FALSE)))*Straight+(IF(AP7>VLOOKUP(AQ7,Data,9,FALSE),1,IF(AP7>VLOOKUP(AQ7,Data,8,FALSE),(AP7-VLOOKUP(AQ7,Data,8,FALSE))/VLOOKUP(AQ7,Data,6,FALSE),0)))*Straight)-VLOOKUP(AQ7,Data,2,FALSE)*SIN(RADIANS(180*(IF(AP7>VLOOKUP(AQ7,Data,8,FALSE),1,IF(AP7>VLOOKUP(AQ7,Data,4,FALSE),(AP7-VLOOKUP(AQ7,Data,4,FALSE))/VLOOKUP(AQ7,Data,5,FALSE),0)))+180*(IF(AP7>VLOOKUP(AQ7,Data,10,FALSE),1,IF(AP7>VLOOKUP(AQ7,Data,9,FALSE),(AP7-VLOOKUP(AQ7,Data,9,FALSE))/VLOOKUP(AQ7,Data,7,FALSE),0))))) -> -12.617428 | AS7: =-VLOOKUP(AQ7,Data,2,FALSE)*COS(RADIANS(180*(IF(AP7>VLOOKUP(AQ7,Data,8,FALSE),1,IF(AP7>VLOOKUP(AQ7,Data,4,FALSE),(AP7-VLOOKUP(AQ7,Data,4,FALSE))/VLOOKUP(AQ7,Data,5,FALSE),0)))+180*(IF(AP7>VLOOKUP(AQ7,Data,10,FALSE),1,IF(AP7>VLOOKUP(AQ7,Data,9,FALSE),(AP7-VLOOKUP(AQ7,Data,9,FALSE))/VLOOKUP(AQ7,Data,7,FALSE),0))))) -> -47.088884 | AX7: -23.11 | AY7: =-Radius -> -38.99
A8: 20 | B8: =B$4+VLOOKUP(Lanes!C8,Data,5,FALSE)*(A8/180) -> 90.569891 | C8: =C7 -> 1 | D8: =(Straight-(IF(B8>VLOOKUP(C8,Data,4,FALSE),1,B8/VLOOKUP(C8,Data,4,FALSE)))*Straight+(IF(B8>VLOOKUP(C8,Data,9,FALSE),1,IF(B8>VLOOKUP(C8,Data,8,FALSE),(B8-VLOOKUP(C8,Data,8,FALSE))/VLOOKUP(C8,Data,6,FALSE),0)))*Straight)-VLOOKUP(C8,Data,2,FALSE)*SIN(RADIANS(180*(IF(B8>VLOOKUP(C8,Data,8,FALSE),1,IF(B8>VLOOKUP(C8,Data,4,FALSE),(B8-VLOOKUP(C8,Data,4,FALSE))/VLOOKUP(C8,Data,5,FALSE),0)))+180*(IF(B8>VLOOKUP(C8,Data,10,FALSE),1,IF(B8>VLOOKUP(C8,Data,9,FALSE),(B8-VLOOKUP(C8,Data,9,FALSE))/VLOOKUP(C8,Data,7,FALSE),0))))) -> -13.335365 | E8: =-VLOOKUP(C8,Data,2,FALSE)*COS(RADIANS(180*(IF(B8>VLOOKUP(C8,Data,8,FALSE),1,IF(B8>VLOOKUP(C8,Data,4,FALSE),(B8-VLOOKUP(C8,Data,4,FALSE))/VLOOKUP(C8,Data,5,FALSE),0)))+180*(IF(B8>VLOOKUP(C8,Data,10,FALSE),1,IF(B8>VLOOKUP(C8,Data,9,FALSE),(B8-VLOOKUP(C8,Data,9,FALSE))/VLOOKUP(C8,Data,7,FALSE),0))))) -> -36.638615 | F8: 20 | G8: =G$4+VLOOKUP(Lanes!H8,Data,5,FALSE)*(F8/180) -> 90.995751 | H8: =H7 -> 2 | I8: =(Straight-(IF(G8>VLOOKUP(H8,Data,4,FALSE),1,G8/VLOOKUP(H8,Data,4,FALSE)))*Straight+(IF(G8>VLOOKUP(H8,Data,9,FALSE),1,IF(G8>VLOOKUP(H8,Data,8,FALSE),(G8-VLOOKUP(H8,Data,8,FALSE))/VLOOKUP(H8,Data,6,FALSE),0)))*Straight)-VLOOKUP(H8,Data,2,FALSE)*SIN(RADIANS(180*(IF(G8>VLOOKUP(H8,Data,8,FALSE),1,IF(G8>VLOOKUP(H8,Data,4,FALSE),(G8-VLOOKUP(H8,Data,4,FALSE))/VLOOKUP(H8,Data,5,FALSE),0)))+180*(IF(G8>VLOOKUP(H8,Data,10,FALSE),1,IF(G8>VLOOKUP(H8,Data,9,FALSE),(G8-VLOOKUP(H8,Data,9,FALSE))/VLOOKUP(H8,Data,7,FALSE),0))))) -> -13.75263 | J8: =-VLOOKUP(H8,Data,2,FALSE)*COS(RADIANS(180*(IF(G8>VLOOKUP(H8,Data,8,FALSE),1,IF(G8>VLOOKUP(H8,Data,4,FALSE),(G8-VLOOKUP(H8,Data,4,FALSE))/VLOOKUP(H8,Data,5,FALSE),0)))+180*(IF(G8>VLOOKUP(H8,Data,10,FALSE),1,IF(G8>VLOOKUP(H8,Data,9,FALSE),(G8-VLOOKUP(H8,Data,9,FALSE))/VLOOKUP(H8,Data,7,FALSE),0))))) -> -37.78504 | K8: 20 | L8: =L$4+VLOOKUP(Lanes!M8,Data,5,FALSE)*(K8/180) -> 91.421611 | M8: =M7 -> 3 | N8: =(Straight-(IF(L8>VLOOKUP(M8,Data,4,FALSE),1,L8/VLOOKUP(M8,Data,4,FALSE)))*Straight+(IF(L8>VLOOKUP(M8,Data,9,FALSE),1,IF(L8>VLOOKUP(M8,Data,8,FALSE),(L8-VLOOKUP(M8,Data,8,FALSE))/VLOOKUP(M8,Data,6,FALSE),0)))*Straight)-VLOOKUP(M8,Data,2,FALSE)*SIN(RADIANS(180*(IF(L8>VLOOKUP(M8,Data,8,FALSE),1,IF(L8>VLOOKUP(M8,Data,4,FALSE),(L8-VLOOKUP(M8,Data,4,FALSE))/VLOOKUP(M8,Data,5,FALSE),0)))+180*(IF(L8>VLOOKUP(M8,Data,10,FALSE),1,IF(L8>VLOOKUP(M8,Data,9,FALSE),(L8-VLOOKUP(M8,Data,9,FALSE))/VLOOKUP(M8,Data,7,FALSE),0))))) -> -14.169895 | O8: =-VLOOKUP(M8,Data,2,FALSE)*COS(RADIANS(180*(IF(L8>VLOOKUP(M8,Data,8,FALSE),1,IF(L8>VLOOKUP(M8,Data,4,FALSE),(L8-VLOOKUP(M8,Data,4,FALSE))/VLOOKUP(M8,Data,5,FALSE),0)))+180*(IF(L8>VLOOKUP(M8,Data,10,FALSE),1,IF(L8>VLOOKUP(M8,Data,9,FALSE),(L8-VLOOKUP(M8,Data,9,FALSE))/VLOOKUP(M8,Data,7,FALSE),0))))) -> -38.931465 | P8: 20 | Q8: =Q$4+VLOOKUP(Lanes!R8,Data,5,FALSE)*(P8/180) -> 91.847472 | R8: =R7 -> 4 | S8: =(Straight-(IF(Q8>VLOOKUP(R8,Data,4,FALSE),1,Q8/VLOOKUP(R8,Data,4,FALSE)))*Straight+(IF(Q8>VLOOKUP(R8,Data,9,FALSE),1,IF(Q8>VLOOKUP(R8,Data,8,FALSE),(Q8-VLOOKUP(R8,Data,8,FALSE))/VLOOKUP(R8,Data,6,FALSE),0)))*Straight)-VLOOKUP(R8,Data,2,FALSE)*SIN(RADIANS(180*(IF(Q8>VLOOKUP(R8,Data,8,FALSE),1,IF(Q8>VLOOKUP(R8,Data,4,FALSE),(Q8-VLOOKUP(R8,Data,4,FALSE))/VLOOKUP(R8,Data,5,FALSE),0)))+180*(IF(Q8>VLOOKUP(R8,Data,10,FALSE),1,IF(Q8>VLOOKUP(R8,Data,9,FALSE),(Q8-VLOOKUP(R8,Data,9,FALSE))/VLOOKUP(R8,Data,7,FALSE),0))))) -> -14.587159 | T8: =-VLOOKUP(R8,Data,2,FALSE)*COS(RADIANS(180*(IF(Q8>VLOOKUP(R8,Data,8,FALSE),1,IF(Q8>VLOOKUP(R8,Data,4,FALSE),(Q8-VLOOKUP(R8,Data,4,FALSE))/VLOOKUP(R8,Data,5,FALSE),0)))+180*(IF(Q8>VLOOKUP(R8,Data,10,FALSE),1,IF(Q8>VLOOKUP(R8,Data,9,FALSE),(Q8-VLOOKUP(R8,Data,9,FALSE))/VLOOKUP(R8,Data,7,FALSE),0))))) -> -40.07789 | U8: 20 | V8: =V$4+VLOOKUP(Lanes!W8,Data,5,FALSE)*(U8/180) -> 92.273332 | W8: =W7 -> 5 | X8: =(Straight-(IF(V8>VLOOKUP(W8,Data,4,FALSE),1,V8/VLOOKUP(W8,Data,4,FALSE)))*Straight+(IF(V8>VLOOKUP(W8,Data,9,FALSE),1,IF(V8>VLOOKUP(W8,Data,8,FALSE),(V8-VLOOKUP(W8,Data,8,FALSE))/VLOOKUP(W8,Data,6,FALSE),0)))*Straight)-VLOOKUP(W8,Data,2,FALSE)*SIN(RADIANS(180*(IF(V8>VLOOKUP(W8,Data,8,FALSE),1,IF(V8>VLOOKUP(W8,Data,4,FALSE),(V8-VLOOKUP(W8,Data,4,FALSE))/VLOOKUP(W8,Data,5,FALSE),0)))+180*(IF(V8>VLOOKUP(W8,Data,10,FALSE),1,IF(V8>VLOOKUP(W8,Data,9,FALSE),(V8-VLOOKUP(W8,Data,9,FALSE))/VLOOKUP(W8,Data,7,FALSE),0))))) -> -15.004424 | Y8: =-VLOOKUP(W8,Data,2,FALSE)*COS(RADIANS(180*(IF(V8>VLOOKUP(W8,Data,8,FALSE),1,IF(V8>VLOOKUP(W8,Data,4,FALSE),(V8-VLOOKUP(W8,Data,4,FALSE))/VLOOKUP(W8,Data,5,FALSE),0)))+180*(IF(V8>VLOOKUP(W8,Data,10,FALSE),1,IF(V8>VLOOKUP(W8,Data,9,FALSE),(V8-VLOOKUP(W8,Data,9,FALSE))/VLOOKUP(W8,Data,7,FALSE),0))))) -> -41.224315 | Z8: 20 | AA8: =AA$4+VLOOKUP(Lanes!AB8,Data,5,FALSE)*(Z8/180) -> 92.699192 | AB8: =AB7 -> 6 | AC8: =(Straight-(IF(AA8>VLOOKUP(AB8,Data,4,FALSE),1,AA8/VLOOKUP(AB8,Data,4,FALSE)))*Straight+(IF(AA8>VLOOKUP(AB8,Data,9,FALSE),1,IF(AA8>VLOOKUP(AB8,Data,8,FALSE),(AA8-VLOOKUP(AB8,Data,8,FALSE))/VLOOKUP(AB8,Data,6,FALSE),0)))*Straight)-VLOOKUP(AB8,Data,2,FALSE)*SIN(RADIANS(180*(IF(AA8>VLOOKUP(AB8,Data,8,FALSE),1,IF(AA8>VLOOKUP(AB8,Data,4,FALSE),(AA8-VLOOKUP(AB8,Data,4,FALSE))/VLOOKUP(AB8,Data,5,FALSE),0)))+180*(IF(AA8>VLOOKUP(AB8,Data,10,FALSE),1,IF(AA8>VLOOKUP(AB8,Data,9,FALSE),(AA8-VLOOKUP(AB8,Data,9,FALSE))/VLOOKUP(AB8,Data,7,FALSE),0))))) -> -15.421688 | AD8: =-VLOOKUP(AB8,Data,2,FALSE)*COS(RADIANS(180*(IF(AA8>VLOOKUP(AB8,Data,8,FALSE),1,IF(AA8>VLOOKUP(AB8,Data,4,FALSE),(AA8-VLOOKUP(AB8,Data,4,FALSE))/VLOOKUP(AB8,Data,5,FALSE),0)))+180*(IF(AA8>VLOOKUP(AB8,Data,10,FALSE),1,IF(AA8>VLOOKUP(AB8,Data,9,FALSE),(AA8-VLOOKUP(AB8,Data,9,FALSE))/VLOOKUP(AB8,Data,7,FALSE),0))))) -> -42.37074 | AE8: 20 | AF8: =AF$4+VLOOKUP(Lanes!AG8,Data,5,FALSE)*(AE8/180) -> 93.125053 | AG8: =AG7 -> 7 | AH8: =(Straight-(IF(AF8>VLOOKUP(AG8,Data,4,FALSE),1,AF8/VLOOKUP(AG8,Data,4,FALSE)))*Straight+(IF(AF8>VLOOKUP(AG8,Data,9,FALSE),1,IF(AF8>VLOOKUP(AG8,Data,8,FALSE),(AF8-VLOOKUP(AG8,Data,8,FALSE))/VLOOKUP(AG8,Data,6,FALSE),0)))*Straight)-VLOOKUP(AG8,Data,2,FALSE)*SIN(RADIANS(180*(IF(AF8>VLOOKUP(AG8,Data,8,FALSE),1,IF(AF8>VLOOKUP(AG8,Data,4,FALSE),(AF8-VLOOKUP(AG8,Data,4,FALSE))/VLOOKUP(AG8,Data,5,FALSE),0)))+180*(IF(AF8>VLOOKUP(AG8,Data,10,FALSE),1,IF(AF8>VLOOKUP(AG8,Data,9,FALSE),(AF8-VLOOKUP(AG8,Data,9,FALSE))/VLOOKUP(AG8,Data,7,FALSE),0))))) -> -15.838953 | AI8: =-VLOOKUP(AG8,Data,2,FALSE)*COS(RADIANS(180*(IF(AF8>VLOOKUP(AG8,Data,8,FALSE),1,IF(AF8>VLOOKUP(AG8,Data,4,FALSE),(AF8-VLOOKUP(AG8,Data,4,FALSE))/VLOOKUP(AG8,Data,5,FALSE),0)))+180*(IF(AF8>VLOOKUP(AG8,Data,10,FALSE),1,IF(AF8>VLOOKUP(AG8,Data,9,FALSE),(AF8-VLOOKUP(AG8,Data,9,FALSE))/VLOOKUP(AG8,Data,7,FALSE),0))))) -> -43.517165 | AJ8: 20 | AK8: =AK$4+VLOOKUP(Lanes!AL8,Data,5,FALSE)*(AJ8/180) -> 93.550913 | AL8: =AL7 -> 8 | AM8: =(Straight-(IF(AK8>VLOOKUP(AL8,Data,4,FALSE),1,AK8/VLOOKUP(AL8,Data,4,FALSE)))*Straight+(IF(AK8>VLOOKUP(AL8,Data,9,FALSE),1,IF(AK8>VLOOKUP(AL8,Data,8,FALSE),(AK8-VLOOKUP(AL8,Data,8,FALSE))/VLOOKUP(AL8,Data,6,FALSE),0)))*Straight)-VLOOKUP(AL8,Data,2,FALSE)*SIN(RADIANS(180*(IF(AK8>VLOOKUP(AL8,Data,8,FALSE),1,IF(AK8>VLOOKUP(AL8,Data,4,FALSE),(AK8-VLOOKUP(AL8,Data,4,FALSE))/VLOOKUP(AL8,Data,5,FALSE),0)))+180*(IF(AK8>VLOOKUP(AL8,Data,10,FALSE),1,IF(AK8>VLOOKUP(AL8,Data,9,FALSE),(AK8-VLOOKUP(AL8,Data,9,FALSE))/VLOOKUP(AL8,Data,7,FALSE),0))))) -> -16.256217 | AN8: =-VLOOKUP(AL8,Data,2,FALSE)*COS(RADIANS(180*(IF(AK8>VLOOKUP(AL8,Data,8,FALSE),1,IF(AK8>VLOOKUP(AL8,Data,4,FALSE),(AK8-VLOOKUP(AL8,Data,4,FALSE))/VLOOKUP(AL8,Data,5,FALSE),0)))+180*(IF(AK8>VLOOKUP(AL8,Data,10,FALSE),1,IF(AK8>VLOOKUP(AL8,Data,9,FALSE),(AK8-VLOOKUP(AL8,Data,9,FALSE))/VLOOKUP(AL8,Data,7,FALSE),0))))) -> -44.66359 | AO8: 20 | AP8: =AP$4+VLOOKUP(Lanes!AQ8,Data,5,FALSE)*(AO8/180) -> 93.976773 | AQ8: =AQ7 -> 9 | AR8: =(Straight-(IF(AP8>VLOOKUP(AQ8,Data,4,FALSE),1,AP8/VLOOKUP(AQ8,Data,4,FALSE)))*Straight+(IF(AP8>VLOOKUP(AQ8,Data,9,FALSE),1,IF(AP8>VLOOKUP(AQ8,Data,8,FALSE),(AP8-VLOOKUP(AQ8,Data,8,FALSE))/VLOOKUP(AQ8,Data,6,FALSE),0)))*Straight)-VLOOKUP(AQ8,Data,2,FALSE)*SIN(RADIANS(180*(IF(AP8>VLOOKUP(AQ8,Data,8,FALSE),1,IF(AP8>VLOOKUP(AQ8,Data,4,FALSE),(AP8-VLOOKUP(AQ8,Data,4,FALSE))/VLOOKUP(AQ8,Data,5,FALSE),0)))+180*(IF(AP8>VLOOKUP(AQ8,Data,10,FALSE),1,IF(AP8>VLOOKUP(AQ8,Data,9,FALSE),(AP8-VLOOKUP(AQ8,Data,9,FALSE))/VLOOKUP(AQ8,Data,7,FALSE),0))))) -> -16.673482 | AS8: =-VLOOKUP(AQ8,Data,2,FALSE)*COS(RADIANS(180*(IF(AP8>VLOOKUP(AQ8,Data,8,FALSE),1,IF(AP8>VLOOKUP(AQ8,Data,4,FALSE),(AP8-VLOOKUP(AQ8,Data,4,FALSE))/VLOOKUP(AQ8,Data,5,FALSE),0)))+180*(IF(AP8>VLOOKUP(AQ8,Data,10,FALSE),1,IF(AP8>VLOOKUP(AQ8,Data,9,FALSE),(AP8-VLOOKUP(AQ8,Data,9,FALSE))/VLOOKUP(AQ8,Data,7,FALSE),0))))) -> -45.810015 | AX8: 0 | AY8: =-Radius -> -38.99
A9: 25 | B9: =B$4+VLOOKUP(Lanes!C9,Data,5,FALSE)*(A9/180) -> 93.989863 | C9: =C8 -> 1 | D9: =(Straight-(IF(B9>VLOOKUP(C9,Data,4,FALSE),1,B9/VLOOKUP(C9,Data,4,FALSE)))*Straight+(IF(B9>VLOOKUP(C9,Data,9,FALSE),1,IF(B9>VLOOKUP(C9,Data,8,FALSE),(B9-VLOOKUP(C9,Data,8,FALSE))/VLOOKUP(C9,Data,6,FALSE),0)))*Straight)-VLOOKUP(C9,Data,2,FALSE)*SIN(RADIANS(180*(IF(B9>VLOOKUP(C9,Data,8,FALSE),1,IF(B9>VLOOKUP(C9,Data,4,FALSE),(B9-VLOOKUP(C9,Data,4,FALSE))/VLOOKUP(C9,Data,5,FALSE),0)))+180*(IF(B9>VLOOKUP(C9,Data,10,FALSE),1,IF(B9>VLOOKUP(C9,Data,9,FALSE),(B9-VLOOKUP(C9,Data,9,FALSE))/VLOOKUP(C9,Data,7,FALSE),0))))) -> -16.477886 | E9: =-VLOOKUP(C9,Data,2,FALSE)*COS(RADIANS(180*(IF(B9>VLOOKUP(C9,Data,8,FALSE),1,IF(B9>VLOOKUP(C9,Data,4,FALSE),(B9-VLOOKUP(C9,Data,4,FALSE))/VLOOKUP(C9,Data,5,FALSE),0)))+180*(IF(B9>VLOOKUP(C9,Data,10,FALSE),1,IF(B9>VLOOKUP(C9,Data,9,FALSE),(B9-VLOOKUP(C9,Data,9,FALSE))/VLOOKUP(C9,Data,7,FALSE),0))))) -> -35.336941 | F9: 25 | G9: =G$4+VLOOKUP(Lanes!H9,Data,5,FALSE)*(F9/180) -> 94.522189 | H9: =H8 -> 2 | I9: =(Straight-(IF(G9>VLOOKUP(H9,Data,4,FALSE),1,G9/VLOOKUP(H9,Data,4,FALSE)))*Straight+(IF(G9>VLOOKUP(H9,Data,9,FALSE),1,IF(G9>VLOOKUP(H9,Data,8,FALSE),(G9-VLOOKUP(H9,Data,8,FALSE))/VLOOKUP(H9,Data,6,FALSE),0)))*Straight)-VLOOKUP(H9,Data,2,FALSE)*SIN(RADIANS(180*(IF(G9>VLOOKUP(H9,Data,8,FALSE),1,IF(G9>VLOOKUP(H9,Data,4,FALSE),(G9-VLOOKUP(H9,Data,4,FALSE))/VLOOKUP(H9,Data,5,FALSE),0)))+180*(IF(G9>VLOOKUP(H9,Data,10,FALSE),1,IF(G9>VLOOKUP(H9,Data,9,FALSE),(G9-VLOOKUP(H9,Data,9,FALSE))/VLOOKUP(H9,Data,7,FALSE),0))))) -> -16.99348 | J9: =-VLOOKUP(H9,Data,2,FALSE)*COS(RADIANS(180*(IF(G9>VLOOKUP(H9,Data,8,FALSE),1,IF(G9>VLOOKUP(H9,Data,4,FALSE),(G9-VLOOKUP(H9,Data,4,FALSE))/VLOOKUP(H9,Data,5,FALSE),0)))+180*(IF(G9>VLOOKUP(H9,Data,10,FALSE),1,IF(G9>VLOOKUP(H9,Data,9,FALSE),(G9-VLOOKUP(H9,Data,9,FALSE))/VLOOKUP(H9,Data,7,FALSE),0))))) -> -36.442636 | K9: 25 | L9: =L$4+VLOOKUP(Lanes!M9,Data,5,FALSE)*(K9/180) -> 95.054514 | M9: =M8 -> 3 | N9: =(Straight-(IF(L9>VLOOKUP(M9,Data,4,FALSE),1,L9/VLOOKUP(M9,Data,4,FALSE)))*Straight+(IF(L9>VLOOKUP(M9,Data,9,FALSE),1,IF(L9>VLOOKUP(M9,Data,8,FALSE),(L9-VLOOKUP(M9,Data,8,FALSE))/VLOOKUP(M9,Data,6,FALSE),0)))*Straight)-VLOOKUP(M9,Data,2,FALSE)*SIN(RADIANS(180*(IF(L9>VLOOKUP(M9,Data,8,FALSE),1,IF(L9>VLOOKUP(M9,Data,4,FALSE),(L9-VLOOKUP(M9,Data,4,FALSE))/VLOOKUP(M9,Data,5,FALSE),0)))+180*(IF(L9>VLOOKUP(M9,Data,10,FALSE),1,IF(L9>VLOOKUP(M9,Data,9,FALSE),(L9-VLOOKUP(M9,Data,9,FALSE))/VLOOKUP(M9,Data,7,FALSE),0))))) -> -17.509075 | O9: =-VLOOKUP(M9,Data,2,FALSE)*COS(RADIANS(180*(IF(L9>VLOOKUP(M9,Data,8,FALSE),1,IF(L9>VLOOKUP(M9,Data,4,FALSE),(L9-VLOOKUP(M9,Data,4,FALSE))/VLOOKUP(M9,Data,5,FALSE),0)))+180*(IF(L9>VLOOKUP(M9,Data,10,FALSE),1,IF(L9>VLOOKUP(M9,Data,9,FALSE),(L9-VLOOKUP(M9,Data,9,FALSE))/VLOOKUP(M9,Data,7,FALSE),0))))) -> -37.548332 | P9: 25 | Q9: =Q$4+VLOOKUP(Lanes!R9,Data,5,FALSE)*(P9/180) -> 95.58684 | R9: =R8 -> 4 | S9: =(Straight-(IF(Q9>VLOOKUP(R9,Data,4,FALSE),1,Q9/VLOOKUP(R9,Data,4,FALSE)))*Straight+(IF(Q9>VLOOKUP(R9,Data,9,FALSE),1,IF(Q9>VLOOKUP(R9,Data,8,FALSE),(Q9-VLOOKUP(R9,Data,8,FALSE))/VLOOKUP(R9,Data,6,FALSE),0)))*Straight)-VLOOKUP(R9,Data,2,FALSE)*SIN(RADIANS(180*(IF(Q9>VLOOKUP(R9,Data,8,FALSE),1,IF(Q9>VLOOKUP(R9,Data,4,FALSE),(Q9-VLOOKUP(R9,Data,4,FALSE))/VLOOKUP(R9,Data,5,FALSE),0)))+180*(IF(Q9>VLOOKUP(R9,Data,10,FALSE),1,IF(Q9>VLOOKUP(R9,Data,9,FALSE),(Q9-VLOOKUP(R9,Data,9,FALSE))/VLOOKUP(R9,Data,7,FALSE),0))))) -> -18.024669 | T9: =-VLOOKUP(R9,Data,2,FALSE)*COS(RADIANS(180*(IF(Q9>VLOOKUP(R9,Data,8,FALSE),1,IF(Q9>VLOOKUP(R9,Data,4,FALSE),(Q9-VLOOKUP(R9,Data,4,FALSE))/VLOOKUP(R9,Data,5,FALSE),0)))+180*(IF(Q9>VLOOKUP(R9,Data,10,FALSE),1,IF(Q9>VLOOKUP(R9,Data,9,FALSE),(Q9-VLOOKUP(R9,Data,9,FALSE))/VLOOKUP(R9,Data,7,FALSE),0))))) -> -38.654027 | U9: 25 | V9: =V$4+VLOOKUP(Lanes!W9,Data,5,FALSE)*(U9/180) -> 96.119165 | W9: =W8 -> 5 | X9: =(Straight-(IF(V9>VLOOKUP(W9,Data,4,FALSE),1,V9/VLOOKUP(W9,Data,4,FALSE)))*Straight+(IF(V9>VLOOKUP(W9,Data,9,FALSE),1,IF(V9>VLOOKUP(W9,Data,8,FALSE),(V9-VLOOKUP(W9,Data,8,FALSE))/VLOOKUP(W9,Data,6,FALSE),0)))*Straight)-VLOOKUP(W9,Data,2,FALSE)*SIN(RADIANS(180*(IF(V9>VLOOKUP(W9,Data,8,FALSE),1,IF(V9>VLOOKUP(W9,Data,4,FALSE),(V9-VLOOKUP(W9,Data,4,FALSE))/VLOOKUP(W9,Data,5,FALSE),0)))+180*(IF(V9>VLOOKUP(W9,Data,10,FALSE),1,IF(V9>VLOOKUP(W9,Data,9,FALSE),(V9-VLOOKUP(W9,Data,9,FALSE))/VLOOKUP(W9,Data,7,FALSE),0))))) -> -18.540263 | Y9: =-VLOOKUP(W9,Data,2,FALSE)*COS(RADIANS(180*(IF(V9>VLOOKUP(W9,Data,8,FALSE),1,IF(V9>VLOOKUP(W9,Data,4,FALSE),(V9-VLOOKUP(W9,Data,4,FALSE))/VLOOKUP(W9,Data,5,FALSE),0)))+180*(IF(V9>VLOOKUP(W9,Data,10,FALSE),1,IF(V9>VLOOKUP(W9,Data,9,FALSE),(V9-VLOOKUP(W9,Data,9,FALSE))/VLOOKUP(W9,Data,7,FALSE),0))))) -> -39.759723 | Z9: 25 | AA9: =AA$4+VLOOKUP(Lanes!AB9,Data,5,FALSE)*(Z9/180) -> 96.65149 | AB9: =AB8 -> 6 | AC9: =(Straight-(IF(AA9>VLOOKUP(AB9,Data,4,FALSE),1,AA9/VLOOKUP(AB9,Data,4,FALSE)))*Straight+(IF(AA9>VLOOKUP(AB9,Data,9,FALSE),1,IF(AA9>VLOOKUP(AB9,Data,8,FALSE),(AA9-VLOOKUP(AB9,Data,8,FALSE))/VLOOKUP(AB9,Data,6,FALSE),0)))*Straight)-VLOOKUP(AB9,Data,2,FALSE)*SIN(RADIANS(180*(IF(AA9>VLOOKUP(AB9,Data,8,FALSE),1,IF(AA9>VLOOKUP(AB9,Data,4,FALSE),(AA9-VLOOKUP(AB9,Data,4,FALSE))/VLOOKUP(AB9,Data,5,FALSE),0)))+180*(IF(AA9>VLOOKUP(AB9,Data,10,FALSE),1,IF(AA9>VLOOKUP(AB9,Data,9,FALSE),(AA9-VLOOKUP(AB9,Data,9,FALSE))/VLOOKUP(AB9,Data,7,FALSE),0))))) -> -19.055857 | AD9: =-VLOOKUP(AB9,Data,2,FALSE)*COS(RADIANS(180*(IF(AA9>VLOOKUP(AB9,Data,8,FALSE),1,IF(AA9>VLOOKUP(AB9,Data,4,FALSE),(AA9-VLOOKUP(AB9,Data,4,FALSE))/VLOOKUP(AB9,Data,5,FALSE),0)))+180*(IF(AA9>VLOOKUP(AB9,Data,10,FALSE),1,IF(AA9>VLOOKUP(AB9,Data,9,FALSE),(AA9-VLOOKUP(AB9,Data,9,FALSE))/VLOOKUP(AB9,Data,7,FALSE),0))))) -> -40.865418 | AE9: 25 | AF9: =AF$4+VLOOKUP(Lanes!AG9,Data,5,FALSE)*(AE9/180) -> 97.183816 | AG9: =AG8 -> 7 | AH9: =(Straight-(IF(AF9>VLOOKUP(AG9,Data,4,FALSE),1,AF9/VLOOKUP(AG9,Data,4,FALSE)))*Straight+(IF(AF9>VLOOKUP(AG9,Data,9,FALSE),1,IF(AF9>VLOOKUP(AG9,Data,8,FALSE),(AF9-VLOOKUP(AG9,Data,8,FALSE))/VLOOKUP(AG9,Data,6,FALSE),0)))*Straight)-VLOOKUP(AG9,Data,2,FALSE)*SIN(RADIANS(180*(IF(AF9>VLOOKUP(AG9,Data,8,FALSE),1,IF(AF9>VLOOKUP(AG9,Data,4,FALSE),(AF9-VLOOKUP(AG9,Data,4,FALSE))/VLOOKUP(AG9,Data,5,FALSE),0)))+180*(IF(AF9>VLOOKUP(AG9,Data,10,FALSE),1,IF(AF9>VLOOKUP(AG9,Data,9,FALSE),(AF9-VLOOKUP(AG9,Data,9,FALSE))/VLOOKUP(AG9,Data,7,FALSE),0))))) -> -19.571452 | AI9: =-VLOOKUP(AG9,Data,2,FALSE)*COS(RADIANS(180*(IF(AF9>VLOOKUP(AG9,Data,8,FALSE),1,IF(AF9>VLOOKUP(AG9,Data,4,FALSE),(AF9-VLOOKUP(AG9,Data,4,FALSE))/VLOOKUP(AG9,Data,5,FALSE),0)))+180*(IF(AF9>VLOOKUP(AG9,Data,10,FALSE),1,IF(AF9>VLOOKUP(AG9,Data,9,FALSE),(AF9-VLOOKUP(AG9,Data,9,FALSE))/VLOOKUP(AG9,Data,7,FALSE),0))))) -> -41.971114 | AJ9: 25 | AK9: =AK$4+VLOOKUP(Lanes!AL9,Data,5,FALSE)*(AJ9/180) -> 97.716141 | AL9: =AL8 -> 8 | AM9: =(Straight-(IF(AK9>VLOOKUP(AL9,Data,4,FALSE),1,AK9/VLOOKUP(AL9,Data,4,FALSE)))*Straight+(IF(AK9>VLOOKUP(AL9,Data,9,FALSE),1,IF(AK9>VLOOKUP(AL9,Data,8,FALSE),(AK9-VLOOKUP(AL9,Data,8,FALSE))/VLOOKUP(AL9,Data,6,FALSE),0)))*Straight)-VLOOKUP(AL9,Data,2,FALSE)*SIN(RADIANS(180*(IF(AK9>VLOOKUP(AL9,Data,8,FALSE),1,IF(AK9>VLOOKUP(AL9,Data,4,FALSE),(AK9-VLOOKUP(AL9,Data,4,FALSE))/VLOOKUP(AL9,Data,5,FALSE),0)))+180*(IF(AK9>VLOOKUP(AL9,Data,10,FALSE),1,IF(AK9>VLOOKUP(AL9,Data,9,FALSE),(AK9-VLOOKUP(AL9,Data,9,FALSE))/VLOOKUP(AL9,Data,7,FALSE),0))))) -> -20.087046 | AN9: =-VLOOKUP(AL9,Data,2,FALSE)*COS(RADIANS(180*(IF(AK9>VLOOKUP(AL9,Data,8,FALSE),1,IF(AK9>VLOOKUP(AL9,Data,4,FALSE),(AK9-VLOOKUP(AL9,Data,4,FALSE))/VLOOKUP(AL9,Data,5,FALSE),0)))+180*(IF(AK9>VLOOKUP(AL9,Data,10,FALSE),1,IF(AK9>VLOOKUP(AL9,Data,9,FALSE),(AK9-VLOOKUP(AL9,Data,9,FALSE))/VLOOKUP(AL9,Data,7,FALSE),0))))) -> -43.076809 | AO9: 25 | AP9: =AP$4+VLOOKUP(Lanes!AQ9,Data,5,FALSE)*(AO9/180) -> 98.248467 | AQ9: =AQ8 -> 9 | AR9: =(Straight-(IF(AP9>VLOOKUP(AQ9,Data,4,FALSE),1,AP9/VLOOKUP(AQ9,Data,4,FALSE)))*Straight+(IF(AP9>VLOOKUP(AQ9,Data,9,FALSE),1,IF(AP9>VLOOKUP(AQ9,Data,8,FALSE),(AP9-VLOOKUP(AQ9,Data,8,FALSE))/VLOOKUP(AQ9,Data,6,FALSE),0)))*Straight)-VLOOKUP(AQ9,Data,2,FALSE)*SIN(RADIANS(180*(IF(AP9>VLOOKUP(AQ9,Data,8,FALSE),1,IF(AP9>VLOOKUP(AQ9,Data,4,FALSE),(AP9-VLOOKUP(AQ9,Data,4,FALSE))/VLOOKUP(AQ9,Data,5,FALSE),0)))+180*(IF(AP9>VLOOKUP(AQ9,Data,10,FALSE),1,IF(AP9>VLOOKUP(AQ9,Data,9,FALSE),(AP9-VLOOKUP(AQ9,Data,9,FALSE))/VLOOKUP(AQ9,Data,7,FALSE),0))))) -> -20.60264 | AS9: =-VLOOKUP(AQ9,Data,2,FALSE)*COS(RADIANS(180*(IF(AP9>VLOOKUP(AQ9,Data,8,FALSE),1,IF(AP9>VLOOKUP(AQ9,Data,4,FALSE),(AP9-VLOOKUP(AQ9,Data,4,FALSE))/VLOOKUP(AQ9,Data,5,FALSE),0)))+180*(IF(AP9>VLOOKUP(AQ9,Data,10,FALSE),1,IF(AP9>VLOOKUP(AQ9,Data,9,FALSE),(AP9-VLOOKUP(AQ9,Data,9,FALSE))/VLOOKUP(AQ9,Data,7,FALSE),0))))) -> -44.182505 | AX9: Home Straight Lane 2
A10: 30 | B10: =B$4+VLOOKUP(Lanes!C10,Data,5,FALSE)*(A10/180) -> 97.409836 | C10: =C9 -> 1 | D10: =(Straight-(IF(B10>VLOOKUP(C10,Data,4,FALSE),1,B10/VLOOKUP(C10,Data,4,FALSE)))*Straight+(IF(B10>VLOOKUP(C10,Data,9,FALSE),1,IF(B10>VLOOKUP(C10,Data,8,FALSE),(B10-VLOOKUP(C10,Data,8,FALSE))/VLOOKUP(C10,Data,6,FALSE),0)))*Straight)-VLOOKUP(C10,Data,2,FALSE)*SIN(RADIANS(180*(IF(B10>VLOOKUP(C10,Data,8,FALSE),1,IF(B10>VLOOKUP(C10,Data,4,FALSE),(B10-VLOOKUP(C10,Data,4,FALSE))/VLOOKUP(C10,Data,5,FALSE),0)))+180*(IF(B10>VLOOKUP(C10,Data,10,FALSE),1,IF(B10>VLOOKUP(C10,Data,9,FALSE),(B10-VLOOKUP(C10,Data,9,FALSE))/VLOOKUP(C10,Data,7,FALSE),0))))) -> -19.495 | E10: =-VLOOKUP(C10,Data,2,FALSE)*COS(RADIANS(180*(IF(B10>VLOOKUP(C10,Data,8,FALSE),1,IF(B10>VLOOKUP(C10,Data,4,FALSE),(B10-VLOOKUP(C10,Data,4,FALSE))/VLOOKUP(C10,Data,5,FALSE),0)))+180*(IF(B10>VLOOKUP(C10,Data,10,FALSE),1,IF(B10>VLOOKUP(C10,Data,9,FALSE),(B10-VLOOKUP(C10,Data,9,FALSE))/VLOOKUP(C10,Data,7,FALSE),0))))) -> -33.76633 | F10: 30 | G10: =G$4+VLOOKUP(Lanes!H10,Data,5,FALSE)*(F10/180) -> 98.048627 | H10: =H9 -> 2 | I10: =(Straight-(IF(G10>VLOOKUP(H10,Data,4,FALSE),1,G10/VLOOKUP(H10,Data,4,FALSE)))*Straight+(IF(G10>VLOOKUP(H10,Data,9,FALSE),1,IF(G10>VLOOKUP(H10,Data,8,FALSE),(G10-VLOOKUP(H10,Data,8,FALSE))/VLOOKUP(H10,Data,6,FALSE),0)))*Straight)-VLOOKUP(H10,Data,2,FALSE)*SIN(RADIANS(180*(IF(G10>VLOOKUP(H10,Data,8,FALSE),1,IF(G10>VLOOKUP(H10,Data,4,FALSE),(G10-VLOOKUP(H10,Data,4,FALSE))/VLOOKUP(H10,Data,5,FALSE),0)))+180*(IF(G10>VLOOKUP(H10,Data,10,FALSE),1,IF(G10>VLOOKUP(H10,Data,9,FALSE),(G10-VLOOKUP(H10,Data,9,FALSE))/VLOOKUP(H10,Data,7,FALSE),0))))) -> -20.105 | J10: =-VLOOKUP(H10,Data,2,FALSE)*COS(RADIANS(180*(IF(G10>VLOOKUP(H10,Data,8,FALSE),1,IF(G10>VLOOKUP(H10,Data,4,FALSE),(G10-VLOOKUP(H10,Data,4,FALSE))/VLOOKUP(H10,Data,5,FALSE),0)))+180*(IF(G10>VLOOKUP(H10,Data,10,FALSE),1,IF(G10>VLOOKUP(H10,Data,9,FALSE),(G10-VLOOKUP(H10,Data,9,FALSE))/VLOOKUP(H10,Data,7,FALSE),0))))) -> -34.822881 | K10: 30 | L10: =L$4+VLOOKUP(Lanes!M10,Data,5,FALSE)*(K10/180) -> 98.687417 | M10: =M9 -> 3 | N10: =(Straight-(IF(L10>VLOOKUP(M10,Data,4,FALSE),1,L10/VLOOKUP(M10,Data,4,FALSE)))*Straight+(IF(L10>VLOOKUP(M10,Data,9,FALSE),1,IF(L10>VLOOKUP(M10,Data,8,FALSE),(L10-VLOOKUP(M10,Data,8,FALSE))/VLOOKUP(M10,Data,6,FALSE),0)))*Straight)-VLOOKUP(M10,Data,2,FALSE)*SIN(RADIANS(180*(IF(L10>VLOOKUP(M10,Data,8,FALSE),1,IF(L10>VLOOKUP(M10,Data,4,FALSE),(L10-VLOOKUP(M10,Data,4,FALSE))/VLOOKUP(M10,Data,5,FALSE),0)))+180*(IF(L10>VLOOKUP(M10,Data,10,FALSE),1,IF(L10>VLOOKUP(M10,Data,9,FALSE),(L10-VLOOKUP(M10,Data,9,FALSE))/VLOOKUP(M10,Data,7,FALSE),0))))) -> -20.715 | O10: =-VLOOKUP(M10,Data,2,FALSE)*COS(RADIANS(180*(IF(L10>VLOOKUP(M10,Data,8,FALSE),1,IF(L10>VLOOKUP(M10,Data,4,FALSE),(L10-VLOOKUP(M10,Data,4,FALSE))/VLOOKUP(M10,Data,5,FALSE),0)))+180*(IF(L10>VLOOKUP(M10,Data,10,FALSE),1,IF(L10>VLOOKUP(M10,Data,9,FALSE),(L10-VLOOKUP(M10,Data,9,FALSE))/VLOOKUP(M10,Data,7,FALSE),0))))) -> -35.879432 | P10: 30 | Q10: =Q$4+VLOOKUP(Lanes!R10,Data,5,FALSE)*(P10/180) -> 99.326208 | R10: =R9 -> 4 | S10: =(Straight-(IF(Q10>VLOOKUP(R10,Data,4,FALSE),1,Q10/VLOOKUP(R10,Data,4,FALSE)))*Straight+(IF(Q10>VLOOKUP(R10,Data,9,FALSE),1,IF(Q10>VLOOKUP(R10,Data,8,FALSE),(Q10-VLOOKUP(R10,Data,8,FALSE))/VLOOKUP(R10,Data,6,FALSE),0)))*Straight)-VLOOKUP(R10,Data,2,FALSE)*SIN(RADIANS(180*(IF(Q10>VLOOKUP(R10,Data,8,FALSE),1,IF(Q10>VLOOKUP(R10,Data,4,FALSE),(Q10-VLOOKUP(R10,Data,4,FALSE))/VLOOKUP(R10,Data,5,FALSE),0)))+180*(IF(Q10>VLOOKUP(R10,Data,10,FALSE),1,IF(Q10>VLOOKUP(R10,Data,9,FALSE),(Q10-VLOOKUP(R10,Data,9,FALSE))/VLOOKUP(R10,Data,7,FALSE),0))))) -> -21.325 | T10: =-VLOOKUP(R10,Data,2,FALSE)*COS(RADIANS(180*(IF(Q10>VLOOKUP(R10,Data,8,FALSE),1,IF(Q10>VLOOKUP(R10,Data,4,FALSE),(Q10-VLOOKUP(R10,Data,4,FALSE))/VLOOKUP(R10,Data,5,FALSE),0)))+180*(IF(Q10>VLOOKUP(R10,Data,10,FALSE),1,IF(Q10>VLOOKUP(R10,Data,9,FALSE),(Q10-VLOOKUP(R10,Data,9,FALSE))/VLOOKUP(R10,Data,7,FALSE),0))))) -> -36.935983 | U10: 30 | V10: =V$4+VLOOKUP(Lanes!W10,Data,5,FALSE)*(U10/180) -> 99.964998 | W10: =W9 -> 5 | X10: =(Straight-(IF(V10>VLOOKUP(W10,Data,4,FALSE),1,V10/VLOOKUP(W10,Data,4,FALSE)))*Straight+(IF(V10>VLOOKUP(W10,Data,9,FALSE),1,IF(V10>VLOOKUP(W10,Data,8,FALSE),(V10-VLOOKUP(W10,Data,8,FALSE))/VLOOKUP(W10,Data,6,FALSE),0)))*Straight)-VLOOKUP(W10,Data,2,FALSE)*SIN(RADIANS(180*(IF(V10>VLOOKUP(W10,Data,8,FALSE),1,IF(V10>VLOOKUP(W10,Data,4,FALSE),(V10-VLOOKUP(W10,Data,4,FALSE))/VLOOKUP(W10,Data,5,FALSE),0)))+180*(IF(V10>VLOOKUP(W10,Data,10,FALSE),1,IF(V10>VLOOKUP(W10,Data,9,FALSE),(V10-VLOOKUP(W10,Data,9,FALSE))/VLOOKUP(W10,Data,7,FALSE),0))))) -> -21.935 | Y10: =-VLOOKUP(W10,Data,2,FALSE)*COS(RADIANS(180*(IF(V10>VLOOKUP(W10,Data,8,FALSE),1,IF(V10>VLOOKUP(W10,Data,4,FALSE),(V10-VLOOKUP(W10,Data,4,FALSE))/VLOOKUP(W10,Data,5,FALSE),0)))+180*(IF(V10>VLOOKUP(W10,Data,10,FALSE),1,IF(V10>VLOOKUP(W10,Data,9,FALSE),(V10-VLOOKUP(W10,Data,9,FALSE))/VLOOKUP(W10,Data,7,FALSE),0))))) -> -37.992534 | Z10: 30 | AA10: =AA$4+VLOOKUP(Lanes!AB10,Data,5,FALSE)*(Z10/180) -> 100.60379 | AB10: =AB9 -> 6 | AC10: =(Straight-(IF(AA10>VLOOKUP(AB10,Data,4,FALSE),1,AA10/VLOOKUP(AB10,Data,4,FALSE)))*Straight+(IF(AA10>VLOOKUP(AB10,Data,9,FALSE),1,IF(AA10>VLOOKUP(AB10,Data,8,FALSE),(AA10-VLOOKUP(AB10,Data,8,FALSE))/VLOOKUP(AB10,Data,6,FALSE),0)))*Straight)-VLOOKUP(AB10,Data,2,FALSE)*SIN(RADIANS(180*(IF(AA10>VLOOKUP(AB10,Data,8,FALSE),1,IF(AA10>VLOOKUP(AB10,Data,4,FALSE),(AA10-VLOOKUP(AB10,Data,4,FALSE))/VLOOKUP(AB10,Data,5,FALSE),0)))+180*(IF(AA10>VLOOKUP(AB10,Data,10,FALSE),1,IF(AA10>VLOOKUP(AB10,Data,9,FALSE),(AA10-VLOOKUP(AB10,Data,9,FALSE))/VLOOKUP(AB10,Data,7,FALSE),0))))) -> -22.545 | AD10: =-VLOOKUP(AB10,Data,2,FALSE)*COS(RADIANS(180*(IF(AA10>VLOOKUP(AB10,Data,8,FALSE),1,IF(AA10>VLOOKUP(AB10,Data,4,FALSE),(AA10-VLOOKUP(AB10,Data,4,FALSE))/VLOOKUP(AB10,Data,5,FALSE),0)))+180*(IF(AA10>VLOOKUP(AB10,Data,10,FALSE),1,IF(AA10>VLOOKUP(AB10,Data,9,FALSE),(AA10-VLOOKUP(AB10,Data,9,FALSE))/VLOOKUP(AB10,Data,7,FALSE),0))))) -> -39.049085 | AE10: 30 | AF10: =AF$4+VLOOKUP(Lanes!AG10,Data,5,FALSE)*(AE10/180) -> 101.24258 | AG10: =AG9 -> 7 | AH10: =(Straight-(IF(AF10>VLOOKUP(AG10,Data,4,FALSE),1,AF10/VLOOKUP(AG10,Data,4,FALSE)))*Straight+(IF(AF10>VLOOKUP(AG10,Data,9,FALSE),1,IF(AF10>VLOOKUP(AG10,Data,8,FALSE),(AF10-VLOOKUP(AG10,Data,8,FALSE))/VLOOKUP(AG10,Data,6,FALSE),0)))*Straight)-VLOOKUP(AG10,Data,2,FALSE)*SIN(RADIANS(180*(IF(AF10>VLOOKUP(AG10,Data,8,FALSE),1,IF(AF10>VLOOKUP(AG10,Data,4,FALSE),(AF10-VLOOKUP(AG10,Data,4,FALSE))/VLOOKUP(AG10,Data,5,FALSE),0)))+180*(IF(AF10>VLOOKUP(AG10,Data,10,FALSE),1,IF(AF10>VLOOKUP(AG10,Data,9,FALSE),(AF10-VLOOKUP(AG10,Data,9,FALSE))/VLOOKUP(AG10,Data,7,FALSE),0))))) -> -23.155 | AI10: =-VLOOKUP(AG10,Data,2,FALSE)*COS(RADIANS(180*(IF(AF10>VLOOKUP(AG10,Data,8,FALSE),1,IF(AF10>VLOOKUP(AG10,Data,4,FALSE),(AF10-VLOOKUP(AG10,Data,4,FALSE))/VLOOKUP(AG10,Data,5,FALSE),0)))+180*(IF(AF10>VLOOKUP(AG10,Data,10,FALSE),1,IF(AF10>VLOOKUP(AG10,Data,9,FALSE),(AF10-VLOOKUP(AG10,Data,9,FALSE))/VLOOKUP(AG10,Data,7,FALSE),0))))) -> -40.105636 | AJ10: 30 | AK10: =AK$4+VLOOKUP(Lanes!AL10,Data,5,FALSE)*(AJ10/180) -> 101.88137 | AL10: =AL9 -> 8 | AM10: =(Straight-(IF(AK10>VLOOKUP(AL10,Data,4,FALSE),1,AK10/VLOOKUP(AL10,Data,4,FALSE)))*Straight+(IF(AK10>VLOOKUP(AL10,Data,9,FALSE),1,IF(AK10>VLOOKUP(AL10,Data,8,FALSE),(AK10-VLOOKUP(AL10,Data,8,FALSE))/VLOOKUP(AL10,Data,6,FALSE),0)))*Straight)-VLOOKUP(AL10,Data,2,FALSE)*SIN(RADIANS(180*(IF(AK10>VLOOKUP(AL10,Data,8,FALSE),1,IF(AK10>VLOOKUP(AL10,Data,4,FALSE),(AK10-VLOOKUP(AL10,Data,4,FALSE))/VLOOKUP(AL10,Data,5,FALSE),0)))+180*(IF(AK10>VLOOKUP(AL10,Data,10,FALSE),1,IF(AK10>VLOOKUP(AL10,Data,9,FALSE),(AK10-VLOOKUP(AL10,Data,9,FALSE))/VLOOKUP(AL10,Data,7,FALSE),0))))) -> -23.765 | AN10: =-VLOOKUP(AL10,Data,2,FALSE)*COS(RADIANS(180*(IF(AK10>VLOOKUP(AL10,Data,8,FALSE),1,IF(AK10>VLOOKUP(AL10,Data,4,FALSE),(AK10-VLOOKUP(AL10,Data,4,FALSE))/VLOOKUP(AL10,Data,5,FALSE),0)))+180*(IF(AK10>VLOOKUP(AL10,Data,10,FALSE),1,IF(AK10>VLOOKUP(AL10,Data,9,FALSE),(AK10-VLOOKUP(AL10,Data,9,FALSE))/VLOOKUP(AL10,Data,7,FALSE),0))))) -> -41.162187 | AO10: 30 | AP10: =AP$4+VLOOKUP(Lanes!AQ10,Data,5,FALSE)*(AO10/180) -> 102.52016 | AQ10: =AQ9 -> 9 | AR10: =(Straight-(IF(AP10>VLOOKUP(AQ10,Data,4,FALSE),1,AP10/VLOOKUP(AQ10,Data,4,FALSE)))*Straight+(IF(AP10>VLOOKUP(AQ10,Data,9,FALSE),1,IF(AP10>VLOOKUP(AQ10,Data,8,FALSE),(AP10-VLOOKUP(AQ10,Data,8,FALSE))/VLOOKUP(AQ10,Data,6,FALSE),0)))*Straight)-VLOOKUP(AQ10,Data,2,FALSE)*SIN(RADIANS(180*(IF(AP10>VLOOKUP(AQ10,Data,8,FALSE),1,IF(AP10>VLOOKUP(AQ10,Data,4,FALSE),(AP10-VLOOKUP(AQ10,Data,4,FALSE))/VLOOKUP(AQ10,Data,5,FALSE),0)))+180*(IF(AP10>VLOOKUP(AQ10,Data,10,FALSE),1,IF(AP10>VLOOKUP(AQ10,Data,9,FALSE),(AP10-VLOOKUP(AQ10,Data,9,FALSE))/VLOOKUP(AQ10,Data,7,FALSE),0))))) -> -24.375 | AS10: =-VLOOKUP(AQ10,Data,2,FALSE)*COS(RADIANS(180*(IF(AP10>VLOOKUP(AQ10,Data,8,FALSE),1,IF(AP10>VLOOKUP(AQ10,Data,4,FALSE),(AP10-VLOOKUP(AQ10,Data,4,FALSE))/VLOOKUP(AQ10,Data,5,FALSE),0)))+180*(IF(AP10>VLOOKUP(AQ10,Data,10,FALSE),1,IF(AP10>VLOOKUP(AQ10,Data,9,FALSE),(AP10-VLOOKUP(AQ10,Data,9,FALSE))/VLOOKUP(AQ10,Data,7,FALSE),0))))) -> -42.218738 | AX10: X | AY10: Y
A11: 35 | B11: =B$4+VLOOKUP(Lanes!C11,Data,5,FALSE)*(A11/180) -> 100.82981 | C11: =C10 -> 1 | D11: =(Straight-(IF(B11>VLOOKUP(C11,Data,4,FALSE),1,B11/VLOOKUP(C11,Data,4,FALSE)))*Straight+(IF(B11>VLOOKUP(C11,Data,9,FALSE),1,IF(B11>VLOOKUP(C11,Data,8,FALSE),(B11-VLOOKUP(C11,Data,8,FALSE))/VLOOKUP(C11,Data,6,FALSE),0)))*Straight)-VLOOKUP(C11,Data,2,FALSE)*SIN(RADIANS(180*(IF(B11>VLOOKUP(C11,Data,8,FALSE),1,IF(B11>VLOOKUP(C11,Data,4,FALSE),(B11-VLOOKUP(C11,Data,4,FALSE))/VLOOKUP(C11,Data,5,FALSE),0)))+180*(IF(B11>VLOOKUP(C11,Data,10,FALSE),1,IF(B11>VLOOKUP(C11,Data,9,FALSE),(B11-VLOOKUP(C11,Data,9,FALSE))/VLOOKUP(C11,Data,7,FALSE),0))))) -> -22.363745 | E11: =-VLOOKUP(C11,Data,2,FALSE)*COS(RADIANS(180*(IF(B11>VLOOKUP(C11,Data,8,FALSE),1,IF(B11>VLOOKUP(C11,Data,4,FALSE),(B11-VLOOKUP(C11,Data,4,FALSE))/VLOOKUP(C11,Data,5,FALSE),0)))+180*(IF(B11>VLOOKUP(C11,Data,10,FALSE),1,IF(B11>VLOOKUP(C11,Data,9,FALSE),(B11-VLOOKUP(C11,Data,9,FALSE))/VLOOKUP(C11,Data,7,FALSE),0))))) -> -31.938738 | F11: 35 | G11: =G$4+VLOOKUP(Lanes!H11,Data,5,FALSE)*(F11/180) -> 101.57506 | H11: =H10 -> 2 | I11: =(Straight-(IF(G11>VLOOKUP(H11,Data,4,FALSE),1,G11/VLOOKUP(H11,Data,4,FALSE)))*Straight+(IF(G11>VLOOKUP(H11,Data,9,FALSE),1,IF(G11>VLOOKUP(H11,Data,8,FALSE),(G11-VLOOKUP(H11,Data,8,FALSE))/VLOOKUP(H11,Data,6,FALSE),0)))*Straight)-VLOOKUP(H11,Data,2,FALSE)*SIN(RADIANS(180*(IF(G11>VLOOKUP(H11,Data,8,FALSE),1,IF(G11>VLOOKUP(H11,Data,4,FALSE),(G11-VLOOKUP(H11,Data,4,FALSE))/VLOOKUP(H11,Data,5,FALSE),0)))+180*(IF(G11>VLOOKUP(H11,Data,10,FALSE),1,IF(G11>VLOOKUP(H11,Data,9,FALSE),(G11-VLOOKUP(H11,Data,9,FALSE))/VLOOKUP(H11,Data,7,FALSE),0))))) -> -23.063509 | J11: =-VLOOKUP(H11,Data,2,FALSE)*COS(RADIANS(180*(IF(G11>VLOOKUP(H11,Data,8,FALSE),1,IF(G11>VLOOKUP(H11,Data,4,FALSE),(G11-VLOOKUP(H11,Data,4,FALSE))/VLOOKUP(H11,Data,5,FALSE),0)))+180*(IF(G11>VLOOKUP(H11,Data,10,FALSE),1,IF(G11>VLOOKUP(H11,Data,9,FALSE),(G11-VLOOKUP(H11,Data,9,FALSE))/VLOOKUP(H11,Data,7,FALSE),0))))) -> -32.938104 | K11: 35 | L11: =L$4+VLOOKUP(Lanes!M11,Data,5,FALSE)*(K11/180) -> 102.32032 | M11: =M10 -> 3 | N11: =(Straight-(IF(L11>VLOOKUP(M11,Data,4,FALSE),1,L11/VLOOKUP(M11,Data,4,FALSE)))*Straight+(IF(L11>VLOOKUP(M11,Data,9,FALSE),1,IF(L11>VLOOKUP(M11,Data,8,FALSE),(L11-VLOOKUP(M11,Data,8,FALSE))/VLOOKUP(M11,Data,6,FALSE),0)))*Straight)-VLOOKUP(M11,Data,2,FALSE)*SIN(RADIANS(180*(IF(L11>VLOOKUP(M11,Data,8,FALSE),1,IF(L11>VLOOKUP(M11,Data,4,FALSE),(L11-VLOOKUP(M11,Data,4,FALSE))/VLOOKUP(M11,Data,5,FALSE),0)))+180*(IF(L11>VLOOKUP(M11,Data,10,FALSE),1,IF(L11>VLOOKUP(M11,Data,9,FALSE),(L11-VLOOKUP(M11,Data,9,FALSE))/VLOOKUP(M11,Data,7,FALSE),0))))) -> -23.763272 | O11: =-VLOOKUP(M11,Data,2,FALSE)*COS(RADIANS(180*(IF(L11>VLOOKUP(M11,Data,8,FALSE),1,IF(L11>VLOOKUP(M11,Data,4,FALSE),(L11-VLOOKUP(M11,Data,4,FALSE))/VLOOKUP(M11,Data,5,FALSE),0)))+180*(IF(L11>VLOOKUP(M11,Data,10,FALSE),1,IF(L11>VLOOKUP(M11,Data,9,FALSE),(L11-VLOOKUP(M11,Data,9,FALSE))/VLOOKUP(M11,Data,7,FALSE),0))))) -> -33.937469 | P11: 35 | Q11: =Q$4+VLOOKUP(Lanes!R11,Data,5,FALSE)*(P11/180) -> 103.06558 | R11: =R10 -> 4 | S11: =(Straight-(IF(Q11>VLOOKUP(R11,Data,4,FALSE),1,Q11/VLOOKUP(R11,Data,4,FALSE)))*Straight+(IF(Q11>VLOOKUP(R11,Data,9,FALSE),1,IF(Q11>VLOOKUP(R11,Data,8,FALSE),(Q11-VLOOKUP(R11,Data,8,FALSE))/VLOOKUP(R11,Data,6,FALSE),0)))*Straight)-VLOOKUP(R11,Data,2,FALSE)*SIN(RADIANS(180*(IF(Q11>VLOOKUP(R11,Data,8,FALSE),1,IF(Q11>VLOOKUP(R11,Data,4,FALSE),(Q11-VLOOKUP(R11,Data,4,FALSE))/VLOOKUP(R11,Data,5,FALSE),0)))+180*(IF(Q11>VLOOKUP(R11,Data,10,FALSE),1,IF(Q11>VLOOKUP(R11,Data,9,FALSE),(Q11-VLOOKUP(R11,Data,9,FALSE))/VLOOKUP(R11,Data,7,FALSE),0))))) -> -24.463035 | T11: =-VLOOKUP(R11,Data,2,FALSE)*COS(RADIANS(180*(IF(Q11>VLOOKUP(R11,Data,8,FALSE),1,IF(Q11>VLOOKUP(R11,Data,4,FALSE),(Q11-VLOOKUP(R11,Data,4,FALSE))/VLOOKUP(R11,Data,5,FALSE),0)))+180*(IF(Q11>VLOOKUP(R11,Data,10,FALSE),1,IF(Q11>VLOOKUP(R11,Data,9,FALSE),(Q11-VLOOKUP(R11,Data,9,FALSE))/VLOOKUP(R11,Data,7,FALSE),0))))) -> -34.936835 | U11: 35 | V11: =V$4+VLOOKUP(Lanes!W11,Data,5,FALSE)*(U11/180) -> 103.81083 | W11: =W10 -> 5 | X11: =(Straight-(IF(V11>VLOOKUP(W11,Data,4,FALSE),1,V11/VLOOKUP(W11,Data,4,FALSE)))*Straight+(IF(V11>VLOOKUP(W11,Data,9,FALSE),1,IF(V11>VLOOKUP(W11,Data,8,FALSE),(V11-VLOOKUP(W11,Data,8,FALSE))/VLOOKUP(W11,Data,6,FALSE),0)))*Straight)-VLOOKUP(W11,Data,2,FALSE)*SIN(RADIANS(180*(IF(V11>VLOOKUP(W11,Data,8,FALSE),1,IF(V11>VLOOKUP(W11,Data,4,FALSE),(V11-VLOOKUP(W11,Data,4,FALSE))/VLOOKUP(W11,Data,5,FALSE),0)))+180*(IF(V11>VLOOKUP(W11,Data,10,FALSE),1,IF(V11>VLOOKUP(W11,Data,9,FALSE),(V11-VLOOKUP(W11,Data,9,FALSE))/VLOOKUP(W11,Data,7,FALSE),0))))) -> -25.162798 | Y11: =-VLOOKUP(W11,Data,2,FALSE)*COS(RADIANS(180*(IF(V11>VLOOKUP(W11,Data,8,FALSE),1,IF(V11>VLOOKUP(W11,Data,4,FALSE),(V11-VLOOKUP(W11,Data,4,FALSE))/VLOOKUP(W11,Data,5,FALSE),0)))+180*(IF(V11>VLOOKUP(W11,Data,10,FALSE),1,IF(V11>VLOOKUP(W11,Data,9,FALSE),(V11-VLOOKUP(W11,Data,9,FALSE))/VLOOKUP(W11,Data,7,FALSE),0))))) -> -35.9362 | Z11: 35 | AA11: =AA$4+VLOOKUP(Lanes!AB11,Data,5,FALSE)*(Z11/180) -> 104.55609 | AB11: =AB10 -> 6 | AC11: =(Straight-(IF(AA11>VLOOKUP(AB11,Data,4,FALSE),1,AA11/VLOOKUP(AB11,Data,4,FALSE)))*Straight+(IF(AA11>VLOOKUP(AB11,Data,9,FALSE),1,IF(AA11>VLOOKUP(AB11,Data,8,FALSE),(AA11-VLOOKUP(AB11,Data,8,FALSE))/VLOOKUP(AB11,Data,6,FALSE),0)))*Straight)-VLOOKUP(AB11,Data,2,FALSE)*SIN(RADIANS(180*(IF(AA11>VLOOKUP(AB11,Data,8,FALSE),1,IF(AA11>VLOOKUP(AB11,Data,4,FALSE),(AA11-VLOOKUP(AB11,Data,4,FALSE))/VLOOKUP(AB11,Data,5,FALSE),0)))+180*(IF(AA11>VLOOKUP(AB11,Data,10,FALSE),1,IF(AA11>VLOOKUP(AB11,Data,9,FALSE),(AA11-VLOOKUP(AB11,Data,9,FALSE))/VLOOKUP(AB11,Data,7,FALSE),0))))) -> -25.862562 | AD11: =-VLOOKUP(AB11,Data,2,FALSE)*COS(RADIANS(180*(IF(AA11>VLOOKUP(AB11,Data,8,FALSE),1,IF(AA11>VLOOKUP(AB11,Data,4,FALSE),(AA11-VLOOKUP(AB11,Data,4,FALSE))/VLOOKUP(AB11,Data,5,FALSE),0)))+180*(IF(AA11>VLOOKUP(AB11,Data,10,FALSE),1,IF(AA11>VLOOKUP(AB11,Data,9,FALSE),(AA11-VLOOKUP(AB11,Data,9,FALSE))/VLOOKUP(AB11,Data,7,FALSE),0))))) -> -36.935566 | AE11: 35 | AF11: =AF$4+VLOOKUP(Lanes!AG11,Data,5,FALSE)*(AE11/180) -> 105.30134 | AG11: =AG10 -> 7 | AH11: =(Straight-(IF(AF11>VLOOKUP(AG11,Data,4,FALSE),1,AF11/VLOOKUP(AG11,Data,4,FALSE)))*Straight+(IF(AF11>VLOOKUP(AG11,Data,9,FALSE),1,IF(AF11>VLOOKUP(AG11,Data,8,FALSE),(AF11-VLOOKUP(AG11,Data,8,FALSE))/VLOOKUP(AG11,Data,6,FALSE),0)))*Straight)-VLOOKUP(AG11,Data,2,FALSE)*SIN(RADIANS(180*(IF(AF11>VLOOKUP(AG11,Data,8,FALSE),1,IF(AF11>VLOOKUP(AG11,Data,4,FALSE),(AF11-VLOOKUP(AG11,Data,4,FALSE))/VLOOKUP(AG11,Data,5,FALSE),0)))+180*(IF(AF11>VLOOKUP(AG11,Data,10,FALSE),1,IF(AF11>VLOOKUP(AG11,Data,9,FALSE),(AF11-VLOOKUP(AG11,Data,9,FALSE))/VLOOKUP(AG11,Data,7,FALSE),0))))) -> -26.562325 | AI11: =-VLOOKUP(AG11,Data,2,FALSE)*COS(RADIANS(180*(IF(AF11>VLOOKUP(AG11,Data,8,FALSE),1,IF(AF11>VLOOKUP(AG11,Data,4,FALSE),(AF11-VLOOKUP(AG11,Data,4,FALSE))/VLOOKUP(AG11,Data,5,FALSE),0)))+180*(IF(AF11>VLOOKUP(AG11,Data,10,FALSE),1,IF(AF11>VLOOKUP(AG11,Data,9,FALSE),(AF11-VLOOKUP(AG11,Data,9,FALSE))/VLOOKUP(AG11,Data,7,FALSE),0))))) -> -37.934931 | AJ11: 35 | AK11: =AK$4+VLOOKUP(Lanes!AL11,Data,5,FALSE)*(AJ11/180) -> 106.0466 | AL11: =AL10 -> 8 | AM11: =(Straight-(IF(AK11>VLOOKUP(AL11,Data,4,FALSE),1,AK11/VLOOKUP(AL11,Data,4,FALSE)))*Straight+(IF(AK11>VLOOKUP(AL11,Data,9,FALSE),1,IF(AK11>VLOOKUP(AL11,Data,8,FALSE),(AK11-VLOOKUP(AL11,Data,8,FALSE))/VLOOKUP(AL11,Data,6,FALSE),0)))*Straight)-VLOOKUP(AL11,Data,2,FALSE)*SIN(RADIANS(180*(IF(AK11>VLOOKUP(AL11,Data,8,FALSE),1,IF(AK11>VLOOKUP(AL11,Data,4,FALSE),(AK11-VLOOKUP(AL11,Data,4,FALSE))/VLOOKUP(AL11,Data,5,FALSE),0)))+180*(IF(AK11>VLOOKUP(AL11,Data,10,FALSE),1,IF(AK11>VLOOKUP(AL11,Data,9,FALSE),(AK11-VLOOKUP(AL11,Data,9,FALSE))/VLOOKUP(AL11,Data,7,FALSE),0))))) -> -27.262088 | AN11: =-VLOOKUP(AL11,Data,2,FALSE)*COS(RADIANS(180*(IF(AK11>VLOOKUP(AL11,Data,8,FALSE),1,IF(AK11>VLOOKUP(AL11,Data,4,FALSE),(AK11-VLOOKUP(AL11,Data,4,FALSE))/VLOOKUP(AL11,Data,5,FALSE),0)))+180*(IF(AK11>VLOOKUP(AL11,Data,10,FALSE),1,IF(AK11>VLOOKUP(AL11,Data,9,FALSE),(AK11-VLOOKUP(AL11,Data,9,FALSE))/VLOOKUP(AL11,Data,7,FALSE),0))))) -> -38.934297 | AO11: 35 | AP11: =AP$4+VLOOKUP(Lanes!AQ11,Data,5,FALSE)*(AO11/180) -> 106.79185 | AQ11: =AQ10 -> 9 | AR11: =(Straight-(IF(AP11>VLOOKUP(AQ11,Data,4,FALSE),1,AP11/VLOOKUP(AQ11,Data,4,FALSE)))*Straight+(IF(AP11>VLOOKUP(AQ11,Data,9,FALSE),1,IF(AP11>VLOOKUP(AQ11,Data,8,FALSE),(AP11-VLOOKUP(AQ11,Data,8,FALSE))/VLOOKUP(AQ11,Data,6,FALSE),0)))*Straight)-VLOOKUP(AQ11,Data,2,FALSE)*SIN(RADIANS(180*(IF(AP11>VLOOKUP(AQ11,Data,8,FALSE),1,IF(AP11>VLOOKUP(AQ11,Data,4,FALSE),(AP11-VLOOKUP(AQ11,Data,4,FALSE))/VLOOKUP(AQ11,Data,5,FALSE),0)))+180*(IF(AP11>VLOOKUP(AQ11,Data,10,FALSE),1,IF(AP11>VLOOKUP(AQ11,Data,9,FALSE),(AP11-VLOOKUP(AQ11,Data,9,FALSE))/VLOOKUP(AQ11,Data,7,FALSE),0))))) -> -27.961851 | AS11: =-VLOOKUP(AQ11,Data,2,FALSE)*COS(RADIANS(180*(IF(AP11>VLOOKUP(AQ11,Data,8,FALSE),1,IF(AP11>VLOOKUP(AQ11,Data,4,FALSE),(AP11-VLOOKUP(AQ11,Data,4,FALSE))/VLOOKUP(AQ11,Data,5,FALSE),0)))+180*(IF(AP11>VLOOKUP(AQ11,Data,10,FALSE),1,IF(AP11>VLOOKUP(AQ11,Data,9,FALSE),(AP11-VLOOKUP(AQ11,Data,9,FALSE))/VLOOKUP(AQ11,Data,7,FALSE),0))))) -> -39.933662 | AX11: -23.11 | AY11: =AY7-1.22 -> -40.21
A12: 40 | B12: =B$4+VLOOKUP(Lanes!C12,Data,5,FALSE)*(A12/180) -> 104.24978 | C12: =C11 -> 1 | D12: =(Straight-(IF(B12>VLOOKUP(C12,Data,4,FALSE),1,B12/VLOOKUP(C12,Data,4,FALSE)))*Straight+(IF(B12>VLOOKUP(C12,Data,9,FALSE),1,IF(B12>VLOOKUP(C12,Data,8,FALSE),(B12-VLOOKUP(C12,Data,8,FALSE))/VLOOKUP(C12,Data,6,FALSE),0)))*Straight)-VLOOKUP(C12,Data,2,FALSE)*SIN(RADIANS(180*(IF(B12>VLOOKUP(C12,Data,8,FALSE),1,IF(B12>VLOOKUP(C12,Data,4,FALSE),(B12-VLOOKUP(C12,Data,4,FALSE))/VLOOKUP(C12,Data,5,FALSE),0)))+180*(IF(B12>VLOOKUP(C12,Data,10,FALSE),1,IF(B12>VLOOKUP(C12,Data,9,FALSE),(B12-VLOOKUP(C12,Data,9,FALSE))/VLOOKUP(C12,Data,7,FALSE),0))))) -> -25.062289 | E12: =-VLOOKUP(C12,Data,2,FALSE)*COS(RADIANS(180*(IF(B12>VLOOKUP(C12,Data,8,FALSE),1,IF(B12>VLOOKUP(C12,Data,4,FALSE),(B12-VLOOKUP(C12,Data,4,FALSE))/VLOOKUP(C12,Data,5,FALSE),0)))+180*(IF(B12>VLOOKUP(C12,Data,10,FALSE),1,IF(B12>VLOOKUP(C12,Data,9,FALSE),(B12-VLOOKUP(C12,Data,9,FALSE))/VLOOKUP(C12,Data,7,FALSE),0))))) -> -29.868073 | F12: 40 | G12: =G$4+VLOOKUP(Lanes!H12,Data,5,FALSE)*(F12/180) -> 105.1015 | H12: =H11 -> 2 | I12: =(Straight-(IF(G12>VLOOKUP(H12,Data,4,FALSE),1,G12/VLOOKUP(H12,Data,4,FALSE)))*Straight+(IF(G12>VLOOKUP(H12,Data,9,FALSE),1,IF(G12>VLOOKUP(H12,Data,8,FALSE),(G12-VLOOKUP(H12,Data,8,FALSE))/VLOOKUP(H12,Data,6,FALSE),0)))*Straight)-VLOOKUP(H12,Data,2,FALSE)*SIN(RADIANS(180*(IF(G12>VLOOKUP(H12,Data,8,FALSE),1,IF(G12>VLOOKUP(H12,Data,4,FALSE),(G12-VLOOKUP(H12,Data,4,FALSE))/VLOOKUP(H12,Data,5,FALSE),0)))+180*(IF(G12>VLOOKUP(H12,Data,10,FALSE),1,IF(G12>VLOOKUP(H12,Data,9,FALSE),(G12-VLOOKUP(H12,Data,9,FALSE))/VLOOKUP(H12,Data,7,FALSE),0))))) -> -25.84649 | J12: =-VLOOKUP(H12,Data,2,FALSE)*COS(RADIANS(180*(IF(G12>VLOOKUP(H12,Data,8,FALSE),1,IF(G12>VLOOKUP(H12,Data,4,FALSE),(G12-VLOOKUP(H12,Data,4,FALSE))/VLOOKUP(H12,Data,5,FALSE),0)))+180*(IF(G12>VLOOKUP(H12,Data,10,FALSE),1,IF(G12>VLOOKUP(H12,Data,9,FALSE),(G12-VLOOKUP(H12,Data,9,FALSE))/VLOOKUP(H12,Data,7,FALSE),0))))) -> -30.802647 | K12: 40 | L12: =L$4+VLOOKUP(Lanes!M12,Data,5,FALSE)*(K12/180) -> 105.95322 | M12: =M11 -> 3 | N12: =(Straight-(IF(L12>VLOOKUP(M12,Data,4,FALSE),1,L12/VLOOKUP(M12,Data,4,FALSE)))*Straight+(IF(L12>VLOOKUP(M12,Data,9,FALSE),1,IF(L12>VLOOKUP(M12,Data,8,FALSE),(L12-VLOOKUP(M12,Data,8,FALSE))/VLOOKUP(M12,Data,6,FALSE),0)))*Straight)-VLOOKUP(M12,Data,2,FALSE)*SIN(RADIANS(180*(IF(L12>VLOOKUP(M12,Data,8,FALSE),1,IF(L12>VLOOKUP(M12,Data,4,FALSE),(L12-VLOOKUP(M12,Data,4,FALSE))/VLOOKUP(M12,Data,5,FALSE),0)))+180*(IF(L12>VLOOKUP(M12,Data,10,FALSE),1,IF(L12>VLOOKUP(M12,Data,9,FALSE),(L12-VLOOKUP(M12,Data,9,FALSE))/VLOOKUP(M12,Data,7,FALSE),0))))) -> -26.630691 | O12: =-VLOOKUP(M12,Data,2,FALSE)*COS(RADIANS(180*(IF(L12>VLOOKUP(M12,Data,8,FALSE),1,IF(L12>VLOOKUP(M12,Data,4,FALSE),(L12-VLOOKUP(M12,Data,4,FALSE))/VLOOKUP(M12,Data,5,FALSE),0)))+180*(IF(L12>VLOOKUP(M12,Data,10,FALSE),1,IF(L12>VLOOKUP(M12,Data,9,FALSE),(L12-VLOOKUP(M12,Data,9,FALSE))/VLOOKUP(M12,Data,7,FALSE),0))))) -> -31.737221 | P12: 40 | Q12: =Q$4+VLOOKUP(Lanes!R12,Data,5,FALSE)*(P12/180) -> 106.80494 | R12: =R11 -> 4 | S12: =(Straight-(IF(Q12>VLOOKUP(R12,Data,4,FALSE),1,Q12/VLOOKUP(R12,Data,4,FALSE)))*Straight+(IF(Q12>VLOOKUP(R12,Data,9,FALSE),1,IF(Q12>VLOOKUP(R12,Data,8,FALSE),(Q12-VLOOKUP(R12,Data,8,FALSE))/VLOOKUP(R12,Data,6,FALSE),0)))*Straight)-VLOOKUP(R12,Data,2,FALSE)*SIN(RADIANS(180*(IF(Q12>VLOOKUP(R12,Data,8,FALSE),1,IF(Q12>VLOOKUP(R12,Data,4,FALSE),(Q12-VLOOKUP(R12,Data,4,FALSE))/VLOOKUP(R12,Data,5,FALSE),0)))+180*(IF(Q12>VLOOKUP(R12,Data,10,FALSE),1,IF(Q12>VLOOKUP(R12,Data,9,FALSE),(Q12-VLOOKUP(R12,Data,9,FALSE))/VLOOKUP(R12,Data,7,FALSE),0))))) -> -27.414892 | T12: =-VLOOKUP(R12,Data,2,FALSE)*COS(RADIANS(180*(IF(Q12>VLOOKUP(R12,Data,8,FALSE),1,IF(Q12>VLOOKUP(R12,Data,4,FALSE),(Q12-VLOOKUP(R12,Data,4,FALSE))/VLOOKUP(R12,Data,5,FALSE),0)))+180*(IF(Q12>VLOOKUP(R12,Data,10,FALSE),1,IF(Q12>VLOOKUP(R12,Data,9,FALSE),(Q12-VLOOKUP(R12,Data,9,FALSE))/VLOOKUP(R12,Data,7,FALSE),0))))) -> -32.671795 | U12: 40 | V12: =V$4+VLOOKUP(Lanes!W12,Data,5,FALSE)*(U12/180) -> 107.65666 | W12: =W11 -> 5 | X12: =(Straight-(IF(V12>VLOOKUP(W12,Data,4,FALSE),1,V12/VLOOKUP(W12,Data,4,FALSE)))*Straight+(IF(V12>VLOOKUP(W12,Data,9,FALSE),1,IF(V12>VLOOKUP(W12,Data,8,FALSE),(V12-VLOOKUP(W12,Data,8,FALSE))/VLOOKUP(W12,Data,6,FALSE),0)))*Straight)-VLOOKUP(W12,Data,2,FALSE)*SIN(RADIANS(180*(IF(V12>VLOOKUP(W12,Data,8,FALSE),1,IF(V12>VLOOKUP(W12,Data,4,FALSE),(V12-VLOOKUP(W12,Data,4,FALSE))/VLOOKUP(W12,Data,5,FALSE),0)))+180*(IF(V12>VLOOKUP(W12,Data,10,FALSE),1,IF(V12>VLOOKUP(W12,Data,9,FALSE),(V12-VLOOKUP(W12,Data,9,FALSE))/VLOOKUP(W12,Data,7,FALSE),0))))) -> -28.199092 | Y12: =-VLOOKUP(W12,Data,2,FALSE)*COS(RADIANS(180*(IF(V12>VLOOKUP(W12,Data,8,FALSE),1,IF(V12>VLOOKUP(W12,Data,4,FALSE),(V12-VLOOKUP(W12,Data,4,FALSE))/VLOOKUP(W12,Data,5,FALSE),0)))+180*(IF(V12>VLOOKUP(W12,Data,10,FALSE),1,IF(V12>VLOOKUP(W12,Data,9,FALSE),(V12-VLOOKUP(W12,Data,9,FALSE))/VLOOKUP(W12,Data,7,FALSE),0))))) -> -33.60637 | Z12: 40 | AA12: =AA$4+VLOOKUP(Lanes!AB12,Data,5,FALSE)*(Z12/180) -> 108.50838 | AB12: =AB11 -> 6 | AC12: =(Straight-(IF(AA12>VLOOKUP(AB12,Data,4,FALSE),1,AA12/VLOOKUP(AB12,Data,4,FALSE)))*Straight+(IF(AA12>VLOOKUP(AB12,Data,9,FALSE),1,IF(AA12>VLOOKUP(AB12,Data,8,FALSE),(AA12-VLOOKUP(AB12,Data,8,FALSE))/VLOOKUP(AB12,Data,6,FALSE),0)))*Straight)-VLOOKUP(AB12,Data,2,FALSE)*SIN(RADIANS(180*(IF(AA12>VLOOKUP(AB12,Data,8,FALSE),1,IF(AA12>VLOOKUP(AB12,Data,4,FALSE),(AA12-VLOOKUP(AB12,Data,4,FALSE))/VLOOKUP(AB12,Data,5,FALSE),0)))+180*(IF(AA12>VLOOKUP(AB12,Data,10,FALSE),1,IF(AA12>VLOOKUP(AB12,Data,9,FALSE),(AA12-VLOOKUP(AB12,Data,9,FALSE))/VLOOKUP(AB12,Data,7,FALSE),0))))) -> -28.983293 | AD12: =-VLOOKUP(AB12,Data,2,FALSE)*COS(RADIANS(180*(IF(AA12>VLOOKUP(AB12,Data,8,FALSE),1,IF(AA12>VLOOKUP(AB12,Data,4,FALSE),(AA12-VLOOKUP(AB12,Data,4,FALSE))/VLOOKUP(AB12,Data,5,FALSE),0)))+180*(IF(AA12>VLOOKUP(AB12,Data,10,FALSE),1,IF(AA12>VLOOKUP(AB12,Data,9,FALSE),(AA12-VLOOKUP(AB12,Data,9,FALSE))/VLOOKUP(AB12,Data,7,FALSE),0))))) -> -34.540944 | AE12: 40 | AF12: =AF$4+VLOOKUP(Lanes!AG12,Data,5,FALSE)*(AE12/180) -> 109.36011 | AG12: =AG11 -> 7 | AH12: =(Straight-(IF(AF12>VLOOKUP(AG12,Data,4,FALSE),1,AF12/VLOOKUP(AG12,Data,4,FALSE)))*Straight+(IF(AF12>VLOOKUP(AG12,Data,9,FALSE),1,IF(AF12>VLOOKUP(AG12,Data,8,FALSE),(AF12-VLOOKUP(AG12,Data,8,FALSE))/VLOOKUP(AG12,Data,6,FALSE),0)))*Straight)-VLOOKUP(AG12,Data,2,FALSE)*SIN(RADIANS(180*(IF(AF12>VLOOKUP(AG12,Data,8,FALSE),1,IF(AF12>VLOOKUP(AG12,Data,4,FALSE),(AF12-VLOOKUP(AG12,Data,4,FALSE))/VLOOKUP(AG12,Data,5,FALSE),0)))+180*(IF(AF12>VLOOKUP(AG12,Data,10,FALSE),1,IF(AF12>VLOOKUP(AG12,Data,9,FALSE),(AF12-VLOOKUP(AG12,Data,9,FALSE))/VLOOKUP(AG12,Data,7,FALSE),0))))) -> -29.767494 | AI12: =-VLOOKUP(AG12,Data,2,FALSE)*COS(RADIANS(180*(IF(AF12>VLOOKUP(AG12,Data,8,FALSE),1,IF(AF12>VLOOKUP(AG12,Data,4,FALSE),(AF12-VLOOKUP(AG12,Data,4,FALSE))/VLOOKUP(AG12,Data,5,FALSE),0)))+180*(IF(AF12>VLOOKUP(AG12,Data,10,FALSE),1,IF(AF12>VLOOKUP(AG12,Data,9,FALSE),(AF12-VLOOKUP(AG12,Data,9,FALSE))/VLOOKUP(AG12,Data,7,FALSE),0))))) -> -35.475518 | AJ12: 40 | AK12: =AK$4+VLOOKUP(Lanes!AL12,Data,5,FALSE)*(AJ12/180) -> 110.21183 | AL12: =AL11 -> 8 | AM12: =(Straight-(IF(AK12>VLOOKUP(AL12,Data,4,FALSE),1,AK12/VLOOKUP(AL12,Data,4,FALSE)))*Straight+(IF(AK12>VLOOKUP(AL12,Data,9,FALSE),1,IF(AK12>VLOOKUP(AL12,Data,8,FALSE),(AK12-VLOOKUP(AL12,Data,8,FALSE))/VLOOKUP(AL12,Data,6,FALSE),0)))*Straight)-VLOOKUP(AL12,Data,2,FALSE)*SIN(RADIANS(180*(IF(AK12>VLOOKUP(AL12,Data,8,FALSE),1,IF(AK12>VLOOKUP(AL12,Data,4,FALSE),(AK12-VLOOKUP(AL12,Data,4,FALSE))/VLOOKUP(AL12,Data,5,FALSE),0)))+180*(IF(AK12>VLOOKUP(AL12,Data,10,FALSE),1,IF(AK12>VLOOKUP(AL12,Data,9,FALSE),(AK12-VLOOKUP(AL12,Data,9,FALSE))/VLOOKUP(AL12,Data,7,FALSE),0))))) -> -30.551695 | AN12: =-VLOOKUP(AL12,Data,2,FALSE)*COS(RADIANS(180*(IF(AK12>VLOOKUP(AL12,Data,8,FALSE),1,IF(AK12>VLOOKUP(AL12,Data,4,FALSE),(AK12-VLOOKUP(AL12,Data,4,FALSE))/VLOOKUP(AL12,Data,5,FALSE),0)))+180*(IF(AK12>VLOOKUP(AL12,Data,10,FALSE),1,IF(AK12>VLOOKUP(AL12,Data,9,FALSE),(AK12-VLOOKUP(AL12,Data,9,FALSE))/VLOOKUP(AL12,Data,7,FALSE),0))))) -> -36.410092 | AO12: 40 | AP12: =AP$4+VLOOKUP(Lanes!AQ12,Data,5,FALSE)*(AO12/180) -> 111.06355 | AQ12: =AQ11 -> 9 | AR12: =(Straight-(IF(AP12>VLOOKUP(AQ12,Data,4,FALSE),1,AP12/VLOOKUP(AQ12,Data,4,FALSE)))*Straight+(IF(AP12>VLOOKUP(AQ12,Data,9,FALSE),1,IF(AP12>VLOOKUP(AQ12,Data,8,FALSE),(AP12-VLOOKUP(AQ12,Data,8,FALSE))/VLOOKUP(AQ12,Data,6,FALSE),0)))*Straight)-VLOOKUP(AQ12,Data,2,FALSE)*SIN(RADIANS(180*(IF(AP12>VLOOKUP(AQ12,Data,8,FALSE),1,IF(AP12>VLOOKUP(AQ12,Data,4,FALSE),(AP12-VLOOKUP(AQ12,Data,4,FALSE))/VLOOKUP(AQ12,Data,5,FALSE),0)))+180*(IF(AP12>VLOOKUP(AQ12,Data,10,FALSE),1,IF(AP12>VLOOKUP(AQ12,Data,9,FALSE),(AP12-VLOOKUP(AQ12,Data,9,FALSE))/VLOOKUP(AQ12,Data,7,FALSE),0))))) -> -31.335896 | AS12: =-VLOOKUP(AQ12,Data,2,FALSE)*COS(RADIANS(180*(IF(AP12>VLOOKUP(AQ12,Data,8,FALSE),1,IF(AP12>VLOOKUP(AQ12,Data,4,FALSE),(AP12-VLOOKUP(AQ12,Data,4,FALSE))/VLOOKUP(AQ12,Data,5,FALSE),0)))+180*(IF(AP12>VLOOKUP(AQ12,Data,10,FALSE),1,IF(AP12>VLOOKUP(AQ12,Data,9,FALSE),(AP12-VLOOKUP(AQ12,Data,9,FALSE))/VLOOKUP(AQ12,Data,7,FALSE),0))))) -> -37.344667 | AX12: 0 | AY12: =AY8-1.22 -> -40.21
A13: 45 | B13: =B$4+VLOOKUP(Lanes!C13,Data,5,FALSE)*(A13/180) -> 107.66975 | C13: =C12 -> 1 | D13: =(Straight-(IF(B13>VLOOKUP(C13,Data,4,FALSE),1,B13/VLOOKUP(C13,Data,4,FALSE)))*Straight+(IF(B13>VLOOKUP(C13,Data,9,FALSE),1,IF(B13>VLOOKUP(C13,Data,8,FALSE),(B13-VLOOKUP(C13,Data,8,FALSE))/VLOOKUP(C13,Data,6,FALSE),0)))*Straight)-VLOOKUP(C13,Data,2,FALSE)*SIN(RADIANS(180*(IF(B13>VLOOKUP(C13,Data,8,FALSE),1,IF(B13>VLOOKUP(C13,Data,4,FALSE),(B13-VLOOKUP(C13,Data,4,FALSE))/VLOOKUP(C13,Data,5,FALSE),0)))+180*(IF(B13>VLOOKUP(C13,Data,10,FALSE),1,IF(B13>VLOOKUP(C13,Data,9,FALSE),(B13-VLOOKUP(C13,Data,9,FALSE))/VLOOKUP(C13,Data,7,FALSE),0))))) -> -27.570093 | E13: =-VLOOKUP(C13,Data,2,FALSE)*COS(RADIANS(180*(IF(B13>VLOOKUP(C13,Data,8,FALSE),1,IF(B13>VLOOKUP(C13,Data,4,FALSE),(B13-VLOOKUP(C13,Data,4,FALSE))/VLOOKUP(C13,Data,5,FALSE),0)))+180*(IF(B13>VLOOKUP(C13,Data,10,FALSE),1,IF(B13>VLOOKUP(C13,Data,9,FALSE),(B13-VLOOKUP(C13,Data,9,FALSE))/VLOOKUP(C13,Data,7,FALSE),0))))) -> -27.570093 | F13: 45 | G13: =G$4+VLOOKUP(Lanes!H13,Data,5,FALSE)*(F13/180) -> 108.62794 | H13: =H12 -> 2 | I13: =(Straight-(IF(G13>VLOOKUP(H13,Data,4,FALSE),1,G13/VLOOKUP(H13,Data,4,FALSE)))*Straight+(IF(G13>VLOOKUP(H13,Data,9,FALSE),1,IF(G13>VLOOKUP(H13,Data,8,FALSE),(G13-VLOOKUP(H13,Data,8,FALSE))/VLOOKUP(H13,Data,6,FALSE),0)))*Straight)-VLOOKUP(H13,Data,2,FALSE)*SIN(RADIANS(180*(IF(G13>VLOOKUP(H13,Data,8,FALSE),1,IF(G13>VLOOKUP(H13,Data,4,FALSE),(G13-VLOOKUP(H13,Data,4,FALSE))/VLOOKUP(H13,Data,5,FALSE),0)))+180*(IF(G13>VLOOKUP(H13,Data,10,FALSE),1,IF(G13>VLOOKUP(H13,Data,9,FALSE),(G13-VLOOKUP(H13,Data,9,FALSE))/VLOOKUP(H13,Data,7,FALSE),0))))) -> -28.432764 | J13: =-VLOOKUP(H13,Data,2,FALSE)*COS(RADIANS(180*(IF(G13>VLOOKUP(H13,Data,8,FALSE),1,IF(G13>VLOOKUP(H13,Data,4,FALSE),(G13-VLOOKUP(H13,Data,4,FALSE))/VLOOKUP(H13,Data,5,FALSE),0)))+180*(IF(G13>VLOOKUP(H13,Data,10,FALSE),1,IF(G13>VLOOKUP(H13,Data,9,FALSE),(G13-VLOOKUP(H13,Data,9,FALSE))/VLOOKUP(H13,Data,7,FALSE),0))))) -> -28.432764 | K13: 45 | L13: =L$4+VLOOKUP(Lanes!M13,Data,5,FALSE)*(K13/180) -> 109.58613 | M13: =M12 -> 3 | N13: =(Straight-(IF(L13>VLOOKUP(M13,Data,4,FALSE),1,L13/VLOOKUP(M13,Data,4,FALSE)))*Straight+(IF(L13>VLOOKUP(M13,Data,9,FALSE),1,IF(L13>VLOOKUP(M13,Data,8,FALSE),(L13-VLOOKUP(M13,Data,8,FALSE))/VLOOKUP(M13,Data,6,FALSE),0)))*Straight)-VLOOKUP(M13,Data,2,FALSE)*SIN(RADIANS(180*(IF(L13>VLOOKUP(M13,Data,8,FALSE),1,IF(L13>VLOOKUP(M13,Data,4,FALSE),(L13-VLOOKUP(M13,Data,4,FALSE))/VLOOKUP(M13,Data,5,FALSE),0)))+180*(IF(L13>VLOOKUP(M13,Data,10,FALSE),1,IF(L13>VLOOKUP(M13,Data,9,FALSE),(L13-VLOOKUP(M13,Data,9,FALSE))/VLOOKUP(M13,Data,7,FALSE),0))))) -> -29.295434 | O13: =-VLOOKUP(M13,Data,2,FALSE)*COS(RADIANS(180*(IF(L13>VLOOKUP(M13,Data,8,FALSE),1,IF(L13>VLOOKUP(M13,Data,4,FALSE),(L13-VLOOKUP(M13,Data,4,FALSE))/VLOOKUP(M13,Data,5,FALSE),0)))+180*(IF(L13>VLOOKUP(M13,Data,10,FALSE),1,IF(L13>VLOOKUP(M13,Data,9,FALSE),(L13-VLOOKUP(M13,Data,9,FALSE))/VLOOKUP(M13,Data,7,FALSE),0))))) -> -29.295434 | P13: 45 | Q13: =Q$4+VLOOKUP(Lanes!R13,Data,5,FALSE)*(P13/180) -> 110.54431 | R13: =R12 -> 4 | S13: =(Straight-(IF(Q13>VLOOKUP(R13,Data,4,FALSE),1,Q13/VLOOKUP(R13,Data,4,FALSE)))*Straight+(IF(Q13>VLOOKUP(R13,Data,9,FALSE),1,IF(Q13>VLOOKUP(R13,Data,8,FALSE),(Q13-VLOOKUP(R13,Data,8,FALSE))/VLOOKUP(R13,Data,6,FALSE),0)))*Straight)-VLOOKUP(R13,Data,2,FALSE)*SIN(RADIANS(180*(IF(Q13>VLOOKUP(R13,Data,8,FALSE),1,IF(Q13>VLOOKUP(R13,Data,4,FALSE),(Q13-VLOOKUP(R13,Data,4,FALSE))/VLOOKUP(R13,Data,5,FALSE),0)))+180*(IF(Q13>VLOOKUP(R13,Data,10,FALSE),1,IF(Q13>VLOOKUP(R13,Data,9,FALSE),(Q13-VLOOKUP(R13,Data,9,FALSE))/VLOOKUP(R13,Data,7,FALSE),0))))) -> -30.158104 | T13: =-VLOOKUP(R13,Data,2,FALSE)*COS(RADIANS(180*(IF(Q13>VLOOKUP(R13,Data,8,FALSE),1,IF(Q13>VLOOKUP(R13,Data,4,FALSE),(Q13-VLOOKUP(R13,Data,4,FALSE))/VLOOKUP(R13,Data,5,FALSE),0)))+180*(IF(Q13>VLOOKUP(R13,Data,10,FALSE),1,IF(Q13>VLOOKUP(R13,Data,9,FALSE),(Q13-VLOOKUP(R13,Data,9,FALSE))/VLOOKUP(R13,Data,7,FALSE),0))))) -> -30.158104 | U13: 45 | V13: =V$4+VLOOKUP(Lanes!W13,Data,5,FALSE)*(U13/180) -> 111.5025 | W13: =W12 -> 5 | X13: =(Straight-(IF(V13>VLOOKUP(W13,Data,4,FALSE),1,V13/VLOOKUP(W13,Data,4,FALSE)))*Straight+(IF(V13>VLOOKUP(W13,Data,9,FALSE),1,IF(V13>VLOOKUP(W13,Data,8,FALSE),(V13-VLOOKUP(W13,Data,8,FALSE))/VLOOKUP(W13,Data,6,FALSE),0)))*Straight)-VLOOKUP(W13,Data,2,FALSE)*SIN(RADIANS(180*(IF(V13>VLOOKUP(W13,Data,8,FALSE),1,IF(V13>VLOOKUP(W13,Data,4,FALSE),(V13-VLOOKUP(W13,Data,4,FALSE))/VLOOKUP(W13,Data,5,FALSE),0)))+180*(IF(V13>VLOOKUP(W13,Data,10,FALSE),1,IF(V13>VLOOKUP(W13,Data,9,FALSE),(V13-VLOOKUP(W13,Data,9,FALSE))/VLOOKUP(W13,Data,7,FALSE),0))))) -> -31.020774 | Y13: =-VLOOKUP(W13,Data,2,FALSE)*COS(RADIANS(180*(IF(V13>VLOOKUP(W13,Data,8,FALSE),1,IF(V13>VLOOKUP(W13,Data,4,FALSE),(V13-VLOOKUP(W13,Data,4,FALSE))/VLOOKUP(W13,Data,5,FALSE),0)))+180*(IF(V13>VLOOKUP(W13,Data,10,FALSE),1,IF(V13>VLOOKUP(W13,Data,9,FALSE),(V13-VLOOKUP(W13,Data,9,FALSE))/VLOOKUP(W13,Data,7,FALSE),0))))) -> -31.020774 | Z13: 45 | AA13: =AA$4+VLOOKUP(Lanes!AB13,Data,5,FALSE)*(Z13/180) -> 112.46068 | AB13: =AB12 -> 6 | AC13: =(Straight-(IF(AA13>VLOOKUP(AB13,Data,4,FALSE),1,AA13/VLOOKUP(AB13,Data,4,FALSE)))*Straight+(IF(AA13>VLOOKUP(AB13,Data,9,FALSE),1,IF(AA13>VLOOKUP(AB13,Data,8,FALSE),(AA13-VLOOKUP(AB13,Data,8,FALSE))/VLOOKUP(AB13,Data,6,FALSE),0)))*Straight)-VLOOKUP(AB13,Data,2,FALSE)*SIN(RADIANS(180*(IF(AA13>VLOOKUP(AB13,Data,8,FALSE),1,IF(AA13>VLOOKUP(AB13,Data,4,FALSE),(AA13-VLOOKUP(AB13,Data,4,FALSE))/VLOOKUP(AB13,Data,5,FALSE),0)))+180*(IF(AA13>VLOOKUP(AB13,Data,10,FALSE),1,IF(AA13>VLOOKUP(AB13,Data,9,FALSE),(AA13-VLOOKUP(AB13,Data,9,FALSE))/VLOOKUP(AB13,Data,7,FALSE),0))))) -> -31.883445 | AD13: =-VLOOKUP(AB13,Data,2,FALSE)*COS(RADIANS(180*(IF(AA13>VLOOKUP(AB13,Data,8,FALSE),1,IF(AA13>VLOOKUP(AB13,Data,4,FALSE),(AA13-VLOOKUP(AB13,Data,4,FALSE))/VLOOKUP(AB13,Data,5,FALSE),0)))+180*(IF(AA13>VLOOKUP(AB13,Data,10,FALSE),1,IF(AA13>VLOOKUP(AB13,Data,9,FALSE),(AA13-VLOOKUP(AB13,Data,9,FALSE))/VLOOKUP(AB13,Data,7,FALSE),0))))) -> -31.883445 | AE13: 45 | AF13: =AF$4+VLOOKUP(Lanes!AG13,Data,5,FALSE)*(AE13/180) -> 113.41887 | AG13: =AG12 -> 7 | AH13: =(Straight-(IF(AF13>VLOOKUP(AG13,Data,4,FALSE),1,AF13/VLOOKUP(AG13,Data,4,FALSE)))*Straight+(IF(AF13>VLOOKUP(AG13,Data,9,FALSE),1,IF(AF13>VLOOKUP(AG13,Data,8,FALSE),(AF13-VLOOKUP(AG13,Data,8,FALSE))/VLOOKUP(AG13,Data,6,FALSE),0)))*Straight)-VLOOKUP(AG13,Data,2,FALSE)*SIN(RADIANS(180*(IF(AF13>VLOOKUP(AG13,Data,8,FALSE),1,IF(AF13>VLOOKUP(AG13,Data,4,FALSE),(AF13-VLOOKUP(AG13,Data,4,FALSE))/VLOOKUP(AG13,Data,5,FALSE),0)))+180*(IF(AF13>VLOOKUP(AG13,Data,10,FALSE),1,IF(AF13>VLOOKUP(AG13,Data,9,FALSE),(AF13-VLOOKUP(AG13,Data,9,FALSE))/VLOOKUP(AG13,Data,7,FALSE),0))))) -> -32.746115 | AI13: =-VLOOKUP(AG13,Data,2,FALSE)*COS(RADIANS(180*(IF(AF13>VLOOKUP(AG13,Data,8,FALSE),1,IF(AF13>VLOOKUP(AG13,Data,4,FALSE),(AF13-VLOOKUP(AG13,Data,4,FALSE))/VLOOKUP(AG13,Data,5,FALSE),0)))+180*(IF(AF13>VLOOKUP(AG13,Data,10,FALSE),1,IF(AF13>VLOOKUP(AG13,Data,9,FALSE),(AF13-VLOOKUP(AG13,Data,9,FALSE))/VLOOKUP(AG13,Data,7,FALSE),0))))) -> -32.746115 | AJ13: 45 | AK13: =AK$4+VLOOKUP(Lanes!AL13,Data,5,FALSE)*(AJ13/180) -> 114.37705 | AL13: =AL12 -> 8 | AM13: =(Straight-(IF(AK13>VLOOKUP(AL13,Data,4,FALSE),1,AK13/VLOOKUP(AL13,Data,4,FALSE)))*Straight+(IF(AK13>VLOOKUP(AL13,Data,9,FALSE),1,IF(AK13>VLOOKUP(AL13,Data,8,FALSE),(AK13-VLOOKUP(AL13,Data,8,FALSE))/VLOOKUP(AL13,Data,6,FALSE),0)))*Straight)-VLOOKUP(AL13,Data,2,FALSE)*SIN(RADIANS(180*(IF(AK13>VLOOKUP(AL13,Data,8,FALSE),1,IF(AK13>VLOOKUP(AL13,Data,4,FALSE),(AK13-VLOOKUP(AL13,Data,4,FALSE))/VLOOKUP(AL13,Data,5,FALSE),0)))+180*(IF(AK13>VLOOKUP(AL13,Data,10,FALSE),1,IF(AK13>VLOOKUP(AL13,Data,9,FALSE),(AK13-VLOOKUP(AL13,Data,9,FALSE))/VLOOKUP(AL13,Data,7,FALSE),0))))) -> -33.608785 | AN13: =-VLOOKUP(AL13,Data,2,FALSE)*COS(RADIANS(180*(IF(AK13>VLOOKUP(AL13,Data,8,FALSE),1,IF(AK13>VLOOKUP(AL13,Data,4,FALSE),(AK13-VLOOKUP(AL13,Data,4,FALSE))/VLOOKUP(AL13,Data,5,FALSE),0)))+180*(IF(AK13>VLOOKUP(AL13,Data,10,FALSE),1,IF(AK13>VLOOKUP(AL13,Data,9,FALSE),(AK13-VLOOKUP(AL13,Data,9,FALSE))/VLOOKUP(AL13,Data,7,FALSE),0))))) -> -33.608785 | AO13: 45 | AP13: =AP$4+VLOOKUP(Lanes!AQ13,Data,5,FALSE)*(AO13/180) -> 115.33524 | AQ13: =AQ12 -> 9 | AR13: =(Straight-(IF(AP13>VLOOKUP(AQ13,Data,4,FALSE),1,AP13/VLOOKUP(AQ13,Data,4,FALSE)))*Straight+(IF(AP13>VLOOKUP(AQ13,Data,9,FALSE),1,IF(AP13>VLOOKUP(AQ13,Data,8,FALSE),(AP13-VLOOKUP(AQ13,Data,8,FALSE))/VLOOKUP(AQ13,Data,6,FALSE),0)))*Straight)-VLOOKUP(AQ13,Data,2,FALSE)*SIN(RADIANS(180*(IF(AP13>VLOOKUP(AQ13,Data,8,FALSE),1,IF(AP13>VLOOKUP(AQ13,Data,4,FALSE),(AP13-VLOOKUP(AQ13,Data,4,FALSE))/VLOOKUP(AQ13,Data,5,FALSE),0)))+180*(IF(AP13>VLOOKUP(AQ13,Data,10,FALSE),1,IF(AP13>VLOOKUP(AQ13,Data,9,FALSE),(AP13-VLOOKUP(AQ13,Data,9,FALSE))/VLOOKUP(AQ13,Data,7,FALSE),0))))) -> -34.471456 | AS13: =-VLOOKUP(AQ13,Data,2,FALSE)*COS(RADIANS(180*(IF(AP13>VLOOKUP(AQ13,Data,8,FALSE),1,IF(AP13>VLOOKUP(AQ13,Data,4,FALSE),(AP13-VLOOKUP(AQ13,Data,4,FALSE))/VLOOKUP(AQ13,Data,5,FALSE),0)))+180*(IF(AP13>VLOOKUP(AQ13,Data,10,FALSE),1,IF(AP13>VLOOKUP(AQ13,Data,9,FALSE),(AP13-VLOOKUP(AQ13,Data,9,FALSE))/VLOOKUP(AQ13,Data,7,FALSE),0))))) -> -34.471456 | AX13: Home Straight Lane 3
A14: 50 | B14: =B$4+VLOOKUP(Lanes!C14,Data,5,FALSE)*(A14/180) -> 111.08973 | C14: =C13 -> 1 | D14: =(Straight-(IF(B14>VLOOKUP(C14,Data,4,FALSE),1,B14/VLOOKUP(C14,Data,4,FALSE)))*Straight+(IF(B14>VLOOKUP(C14,Data,9,FALSE),1,IF(B14>VLOOKUP(C14,Data,8,FALSE),(B14-VLOOKUP(C14,Data,8,FALSE))/VLOOKUP(C14,Data,6,FALSE),0)))*Straight)-VLOOKUP(C14,Data,2,FALSE)*SIN(RADIANS(180*(IF(B14>VLOOKUP(C14,Data,8,FALSE),1,IF(B14>VLOOKUP(C14,Data,4,FALSE),(B14-VLOOKUP(C14,Data,4,FALSE))/VLOOKUP(C14,Data,5,FALSE),0)))+180*(IF(B14>VLOOKUP(C14,Data,10,FALSE),1,IF(B14>VLOOKUP(C14,Data,9,FALSE),(B14-VLOOKUP(C14,Data,9,FALSE))/VLOOKUP(C14,Data,7,FALSE),0))))) -> -29.868073 | E14: =-VLOOKUP(C14,Data,2,FALSE)*COS(RADIANS(180*(IF(B14>VLOOKUP(C14,Data,8,FALSE),1,IF(B14>VLOOKUP(C14,Data,4,FALSE),(B14-VLOOKUP(C14,Data,4,FALSE))/VLOOKUP(C14,Data,5,FALSE),0)))+180*(IF(B14>VLOOKUP(C14,Data,10,FALSE),1,IF(B14>VLOOKUP(C14,Data,9,FALSE),(B14-VLOOKUP(C14,Data,9,FALSE))/VLOOKUP(C14,Data,7,FALSE),0))))) -> -25.062289 | F14: 50 | G14: =G$4+VLOOKUP(Lanes!H14,Data,5,FALSE)*(F14/180) -> 112.15438 | H14: =H13 -> 2 | I14: =(Straight-(IF(G14>VLOOKUP(H14,Data,4,FALSE),1,G14/VLOOKUP(H14,Data,4,FALSE)))*Straight+(IF(G14>VLOOKUP(H14,Data,9,FALSE),1,IF(G14>VLOOKUP(H14,Data,8,FALSE),(G14-VLOOKUP(H14,Data,8,FALSE))/VLOOKUP(H14,Data,6,FALSE),0)))*Straight)-VLOOKUP(H14,Data,2,FALSE)*SIN(RADIANS(180*(IF(G14>VLOOKUP(H14,Data,8,FALSE),1,IF(G14>VLOOKUP(H14,Data,4,FALSE),(G14-VLOOKUP(H14,Data,4,FALSE))/VLOOKUP(H14,Data,5,FALSE),0)))+180*(IF(G14>VLOOKUP(H14,Data,10,FALSE),1,IF(G14>VLOOKUP(H14,Data,9,FALSE),(G14-VLOOKUP(H14,Data,9,FALSE))/VLOOKUP(H14,Data,7,FALSE),0))))) -> -30.802647 | J14: =-VLOOKUP(H14,Data,2,FALSE)*COS(RADIANS(180*(IF(G14>VLOOKUP(H14,Data,8,FALSE),1,IF(G14>VLOOKUP(H14,Data,4,FALSE),(G14-VLOOKUP(H14,Data,4,FALSE))/VLOOKUP(H14,Data,5,FALSE),0)))+180*(IF(G14>VLOOKUP(H14,Data,10,FALSE),1,IF(G14>VLOOKUP(H14,Data,9,FALSE),(G14-VLOOKUP(H14,Data,9,FALSE))/VLOOKUP(H14,Data,7,FALSE),0))))) -> -25.84649 | K14: 50 | L14: =L$4+VLOOKUP(Lanes!M14,Data,5,FALSE)*(K14/180) -> 113.21903 | M14: =M13 -> 3 | N14: =(Straight-(IF(L14>VLOOKUP(M14,Data,4,FALSE),1,L14/VLOOKUP(M14,Data,4,FALSE)))*Straight+(IF(L14>VLOOKUP(M14,Data,9,FALSE),1,IF(L14>VLOOKUP(M14,Data,8,FALSE),(L14-VLOOKUP(M14,Data,8,FALSE))/VLOOKUP(M14,Data,6,FALSE),0)))*Straight)-VLOOKUP(M14,Data,2,FALSE)*SIN(RADIANS(180*(IF(L14>VLOOKUP(M14,Data,8,FALSE),1,IF(L14>VLOOKUP(M14,Data,4,FALSE),(L14-VLOOKUP(M14,Data,4,FALSE))/VLOOKUP(M14,Data,5,FALSE),0)))+180*(IF(L14>VLOOKUP(M14,Data,10,FALSE),1,IF(L14>VLOOKUP(M14,Data,9,FALSE),(L14-VLOOKUP(M14,Data,9,FALSE))/VLOOKUP(M14,Data,7,FALSE),0))))) -> -31.737221 | O14: =-VLOOKUP(M14,Data,2,FALSE)*COS(RADIANS(180*(IF(L14>VLOOKUP(M14,Data,8,FALSE),1,IF(L14>VLOOKUP(M14,Data,4,FALSE),(L14-VLOOKUP(M14,Data,4,FALSE))/VLOOKUP(M14,Data,5,FALSE),0)))+180*(IF(L14>VLOOKUP(M14,Data,10,FALSE),1,IF(L14>VLOOKUP(M14,Data,9,FALSE),(L14-VLOOKUP(M14,Data,9,FALSE))/VLOOKUP(M14,Data,7,FALSE),0))))) -> -26.630691 | P14: 50 | Q14: =Q$4+VLOOKUP(Lanes!R14,Data,5,FALSE)*(P14/180) -> 114.28368 | R14: =R13 -> 4 | S14: =(Straight-(IF(Q14>VLOOKUP(R14,Data,4,FALSE),1,Q14/VLOOKUP(R14,Data,4,FALSE)))*Straight+(IF(Q14>VLOOKUP(R14,Data,9,FALSE),1,IF(Q14>VLOOKUP(R14,Data,8,FALSE),(Q14-VLOOKUP(R14,Data,8,FALSE))/VLOOKUP(R14,Data,6,FALSE),0)))*Straight)-VLOOKUP(R14,Data,2,FALSE)*SIN(RADIANS(180*(IF(Q14>VLOOKUP(R14,Data,8,FALSE),1,IF(Q14>VLOOKUP(R14,Data,4,FALSE),(Q14-VLOOKUP(R14,Data,4,FALSE))/VLOOKUP(R14,Data,5,FALSE),0)))+180*(IF(Q14>VLOOKUP(R14,Data,10,FALSE),1,IF(Q14>VLOOKUP(R14,Data,9,FALSE),(Q14-VLOOKUP(R14,Data,9,FALSE))/VLOOKUP(R14,Data,7,FALSE),0))))) -> -32.671795 | T14: =-VLOOKUP(R14,Data,2,FALSE)*COS(RADIANS(180*(IF(Q14>VLOOKUP(R14,Data,8,FALSE),1,IF(Q14>VLOOKUP(R14,Data,4,FALSE),(Q14-VLOOKUP(R14,Data,4,FALSE))/VLOOKUP(R14,Data,5,FALSE),0)))+180*(IF(Q14>VLOOKUP(R14,Data,10,FALSE),1,IF(Q14>VLOOKUP(R14,Data,9,FALSE),(Q14-VLOOKUP(R14,Data,9,FALSE))/VLOOKUP(R14,Data,7,FALSE),0))))) -> -27.414892 | U14: 50 | V14: =V$4+VLOOKUP(Lanes!W14,Data,5,FALSE)*(U14/180) -> 115.34833 | W14: =W13 -> 5 | X14: =(Straight-(IF(V14>VLOOKUP(W14,Data,4,FALSE),1,V14/VLOOKUP(W14,Data,4,FALSE)))*Straight+(IF(V14>VLOOKUP(W14,Data,9,FALSE),1,IF(V14>VLOOKUP(W14,Data,8,FALSE),(V14-VLOOKUP(W14,Data,8,FALSE))/VLOOKUP(W14,Data,6,FALSE),0)))*Straight)-VLOOKUP(W14,Data,2,FALSE)*SIN(RADIANS(180*(IF(V14>VLOOKUP(W14,Data,8,FALSE),1,IF(V14>VLOOKUP(W14,Data,4,FALSE),(V14-VLOOKUP(W14,Data,4,FALSE))/VLOOKUP(W14,Data,5,FALSE),0)))+180*(IF(V14>VLOOKUP(W14,Data,10,FALSE),1,IF(V14>VLOOKUP(W14,Data,9,FALSE),(V14-VLOOKUP(W14,Data,9,FALSE))/VLOOKUP(W14,Data,7,FALSE),0))))) -> -33.60637 | Y14: =-VLOOKUP(W14,Data,2,FALSE)*COS(RADIANS(180*(IF(V14>VLOOKUP(W14,Data,8,FALSE),1,IF(V14>VLOOKUP(W14,Data,4,FALSE),(V14-VLOOKUP(W14,Data,4,FALSE))/VLOOKUP(W14,Data,5,FALSE),0)))+180*(IF(V14>VLOOKUP(W14,Data,10,FALSE),1,IF(V14>VLOOKUP(W14,Data,9,FALSE),(V14-VLOOKUP(W14,Data,9,FALSE))/VLOOKUP(W14,Data,7,FALSE),0))))) -> -28.199092 | Z14: 50 | AA14: =AA$4+VLOOKUP(Lanes!AB14,Data,5,FALSE)*(Z14/180) -> 116.41298 | AB14: =AB13 -> 6 | AC14: =(Straight-(IF(AA14>VLOOKUP(AB14,Data,4,FALSE),1,AA14/VLOOKUP(AB14,Data,4,FALSE)))*Straight+(IF(AA14>VLOOKUP(AB14,Data,9,FALSE),1,IF(AA14>VLOOKUP(AB14,Data,8,FALSE),(AA14-VLOOKUP(AB14,Data,8,FALSE))/VLOOKUP(AB14,Data,6,FALSE),0)))*Straight)-VLOOKUP(AB14,Data,2,FALSE)*SIN(RADIANS(180*(IF(AA14>VLOOKUP(AB14,Data,8,FALSE),1,IF(AA14>VLOOKUP(AB14,Data,4,FALSE),(AA14-VLOOKUP(AB14,Data,4,FALSE))/VLOOKUP(AB14,Data,5,FALSE),0)))+180*(IF(AA14>VLOOKUP(AB14,Data,10,FALSE),1,IF(AA14>VLOOKUP(AB14,Data,9,FALSE),(AA14-VLOOKUP(AB14,Data,9,FALSE))/VLOOKUP(AB14,Data,7,FALSE),0))))) -> -34.540944 | AD14: =-VLOOKUP(AB14,Data,2,FALSE)*COS(RADIANS(180*(IF(AA14>VLOOKUP(AB14,Data,8,FALSE),1,IF(AA14>VLOOKUP(AB14,Data,4,FALSE),(AA14-VLOOKUP(AB14,Data,4,FALSE))/VLOOKUP(AB14,Data,5,FALSE),0)))+180*(IF(AA14>VLOOKUP(AB14,Data,10,FALSE),1,IF(AA14>VLOOKUP(AB14,Data,9,FALSE),(AA14-VLOOKUP(AB14,Data,9,FALSE))/VLOOKUP(AB14,Data,7,FALSE),0))))) -> -28.983293 | AE14: 50 | AF14: =AF$4+VLOOKUP(Lanes!AG14,Data,5,FALSE)*(AE14/180) -> 117.47763 | AG14: =AG13 -> 7 | AH14: =(Straight-(IF(AF14>VLOOKUP(AG14,Data,4,FALSE),1,AF14/VLOOKUP(AG14,Data,4,FALSE)))*Straight+(IF(AF14>VLOOKUP(AG14,Data,9,FALSE),1,IF(AF14>VLOOKUP(AG14,Data,8,FALSE),(AF14-VLOOKUP(AG14,Data,8,FALSE))/VLOOKUP(AG14,Data,6,FALSE),0)))*Straight)-VLOOKUP(AG14,Data,2,FALSE)*SIN(RADIANS(180*(IF(AF14>VLOOKUP(AG14,Data,8,FALSE),1,IF(AF14>VLOOKUP(AG14,Data,4,FALSE),(AF14-VLOOKUP(AG14,Data,4,FALSE))/VLOOKUP(AG14,Data,5,FALSE),0)))+180*(IF(AF14>VLOOKUP(AG14,Data,10,FALSE),1,IF(AF14>VLOOKUP(AG14,Data,9,FALSE),(AF14-VLOOKUP(AG14,Data,9,FALSE))/VLOOKUP(AG14,Data,7,FALSE),0))))) -> -35.475518 | AI14: =-VLOOKUP(AG14,Data,2,FALSE)*COS(RADIANS(180*(IF(AF14>VLOOKUP(AG14,Data,8,FALSE),1,IF(AF14>VLOOKUP(AG14,Data,4,FALSE),(AF14-VLOOKUP(AG14,Data,4,FALSE))/VLOOKUP(AG14,Data,5,FALSE),0)))+180*(IF(AF14>VLOOKUP(AG14,Data,10,FALSE),1,IF(AF14>VLOOKUP(AG14,Data,9,FALSE),(AF14-VLOOKUP(AG14,Data,9,FALSE))/VLOOKUP(AG14,Data,7,FALSE),0))))) -> -29.767494 | AJ14: 50 | AK14: =AK$4+VLOOKUP(Lanes!AL14,Data,5,FALSE)*(AJ14/180) -> 118.54228 | AL14: =AL13 -> 8 | AM14: =(Straight-(IF(AK14>VLOOKUP(AL14,Data,4,FALSE),1,AK14/VLOOKUP(AL14,Data,4,FALSE)))*Straight+(IF(AK14>VLOOKUP(AL14,Data,9,FALSE),1,IF(AK14>VLOOKUP(AL14,Data,8,FALSE),(AK14-VLOOKUP(AL14,Data,8,FALSE))/VLOOKUP(AL14,Data,6,FALSE),0)))*Straight)-VLOOKUP(AL14,Data,2,FALSE)*SIN(RADIANS(180*(IF(AK14>VLOOKUP(AL14,Data,8,FALSE),1,IF(AK14>VLOOKUP(AL14,Data,4,FALSE),(AK14-VLOOKUP(AL14,Data,4,FALSE))/VLOOKUP(AL14,Data,5,FALSE),0)))+180*(IF(AK14>VLOOKUP(AL14,Data,10,FALSE),1,IF(AK14>VLOOKUP(AL14,Data,9,FALSE),(AK14-VLOOKUP(AL14,Data,9,FALSE))/VLOOKUP(AL14,Data,7,FALSE),0))))) -> -36.410092 | AN14: =-VLOOKUP(AL14,Data,2,FALSE)*COS(RADIANS(180*(IF(AK14>VLOOKUP(AL14,Data,8,FALSE),1,IF(AK14>VLOOKUP(AL14,Data,4,FALSE),(AK14-VLOOKUP(AL14,Data,4,FALSE))/VLOOKUP(AL14,Data,5,FALSE),0)))+180*(IF(AK14>VLOOKUP(AL14,Data,10,FALSE),1,IF(AK14>VLOOKUP(AL14,Data,9,FALSE),(AK14-VLOOKUP(AL14,Data,9,FALSE))/VLOOKUP(AL14,Data,7,FALSE),0))))) -> -30.551695 | AO14: 50 | AP14: =AP$4+VLOOKUP(Lanes!AQ14,Data,5,FALSE)*(AO14/180) -> 119.60693 | AQ14: =AQ13 -> 9 | AR14: =(Straight-(IF(AP14>VLOOKUP(AQ14,Data,4,FALSE),1,AP14/VLOOKUP(AQ14,Data,4,FALSE)))*Straight+(IF(AP14>VLOOKUP(AQ14,Data,9,FALSE),1,IF(AP14>VLOOKUP(AQ14,Data,8,FALSE),(AP14-VLOOKUP(AQ14,Data,8,FALSE))/VLOOKUP(AQ14,Data,6,FALSE),0)))*Straight)-VLOOKUP(AQ14,Data,2,FALSE)*SIN(RADIANS(180*(IF(AP14>VLOOKUP(AQ14,Data,8,FALSE),1,IF(AP14>VLOOKUP(AQ14,Data,4,FALSE),(AP14-VLOOKUP(AQ14,Data,4,FALSE))/VLOOKUP(AQ14,Data,5,FALSE),0)))+180*(IF(AP14>VLOOKUP(AQ14,Data,10,FALSE),1,IF(AP14>VLOOKUP(AQ14,Data,9,FALSE),(AP14-VLOOKUP(AQ14,Data,9,FALSE))/VLOOKUP(AQ14,Data,7,FALSE),0))))) -> -37.344667 | AS14: =-VLOOKUP(AQ14,Data,2,FALSE)*COS(RADIANS(180*(IF(AP14>VLOOKUP(AQ14,Data,8,FALSE),1,IF(AP14>VLOOKUP(AQ14,Data,4,FALSE),(AP14-VLOOKUP(AQ14,Data,4,FALSE))/VLOOKUP(AQ14,Data,5,FALSE),0)))+180*(IF(AP14>VLOOKUP(AQ14,Data,10,FALSE),1,IF(AP14>VLOOKUP(AQ14,Data,9,FALSE),(AP14-VLOOKUP(AQ14,Data,9,FALSE))/VLOOKUP(AQ14,Data,7,FALSE),0))))) -> -31.335896 | AX14: X | AY14: Y
A15: 55 | B15: =B$4+VLOOKUP(Lanes!C15,Data,5,FALSE)*(A15/180) -> 114.5097 | C15: =C14 -> 1 | D15: =(Straight-(IF(B15>VLOOKUP(C15,Data,4,FALSE),1,B15/VLOOKUP(C15,Data,4,FALSE)))*Straight+(IF(B15>VLOOKUP(C15,Data,9,FALSE),1,IF(B15>VLOOKUP(C15,Data,8,FALSE),(B15-VLOOKUP(C15,Data,8,FALSE))/VLOOKUP(C15,Data,6,FALSE),0)))*Straight)-VLOOKUP(C15,Data,2,FALSE)*SIN(RADIANS(180*(IF(B15>VLOOKUP(C15,Data,8,FALSE),1,IF(B15>VLOOKUP(C15,Data,4,FALSE),(B15-VLOOKUP(C15,Data,4,FALSE))/VLOOKUP(C15,Data,5,FALSE),0)))+180*(IF(B15>VLOOKUP(C15,Data,10,FALSE),1,IF(B15>VLOOKUP(C15,Data,9,FALSE),(B15-VLOOKUP(C15,Data,9,FALSE))/VLOOKUP(C15,Data,7,FALSE),0))))) -> -31.938738 | E15: =-VLOOKUP(C15,Data,2,FALSE)*COS(RADIANS(180*(IF(B15>VLOOKUP(C15,Data,8,FALSE),1,IF(B15>VLOOKUP(C15,Data,4,FALSE),(B15-VLOOKUP(C15,Data,4,FALSE))/VLOOKUP(C15,Data,5,FALSE),0)))+180*(IF(B15>VLOOKUP(C15,Data,10,FALSE),1,IF(B15>VLOOKUP(C15,Data,9,FALSE),(B15-VLOOKUP(C15,Data,9,FALSE))/VLOOKUP(C15,Data,7,FALSE),0))))) -> -22.363745 | F15: 55 | G15: =G$4+VLOOKUP(Lanes!H15,Data,5,FALSE)*(F15/180) -> 115.68082 | H15: =H14 -> 2 | I15: =(Straight-(IF(G15>VLOOKUP(H15,Data,4,FALSE),1,G15/VLOOKUP(H15,Data,4,FALSE)))*Straight+(IF(G15>VLOOKUP(H15,Data,9,FALSE),1,IF(G15>VLOOKUP(H15,Data,8,FALSE),(G15-VLOOKUP(H15,Data,8,FALSE))/VLOOKUP(H15,Data,6,FALSE),0)))*Straight)-VLOOKUP(H15,Data,2,FALSE)*SIN(RADIANS(180*(IF(G15>VLOOKUP(H15,Data,8,FALSE),1,IF(G15>VLOOKUP(H15,Data,4,FALSE),(G15-VLOOKUP(H15,Data,4,FALSE))/VLOOKUP(H15,Data,5,FALSE),0)))+180*(IF(G15>VLOOKUP(H15,Data,10,FALSE),1,IF(G15>VLOOKUP(H15,Data,9,FALSE),(G15-VLOOKUP(H15,Data,9,FALSE))/VLOOKUP(H15,Data,7,FALSE),0))))) -> -32.938104 | J15: =-VLOOKUP(H15,Data,2,FALSE)*COS(RADIANS(180*(IF(G15>VLOOKUP(H15,Data,8,FALSE),1,IF(G15>VLOOKUP(H15,Data,4,FALSE),(G15-VLOOKUP(H15,Data,4,FALSE))/VLOOKUP(H15,Data,5,FALSE),0)))+180*(IF(G15>VLOOKUP(H15,Data,10,FALSE),1,IF(G15>VLOOKUP(H15,Data,9,FALSE),(G15-VLOOKUP(H15,Data,9,FALSE))/VLOOKUP(H15,Data,7,FALSE),0))))) -> -23.063509 | K15: 55 | L15: =L$4+VLOOKUP(Lanes!M15,Data,5,FALSE)*(K15/180) -> 116.85193 | M15: =M14 -> 3 | N15: =(Straight-(IF(L15>VLOOKUP(M15,Data,4,FALSE),1,L15/VLOOKUP(M15,Data,4,FALSE)))*Straight+(IF(L15>VLOOKUP(M15,Data,9,FALSE),1,IF(L15>VLOOKUP(M15,Data,8,FALSE),(L15-VLOOKUP(M15,Data,8,FALSE))/VLOOKUP(M15,Data,6,FALSE),0)))*Straight)-VLOOKUP(M15,Data,2,FALSE)*SIN(RADIANS(180*(IF(L15>VLOOKUP(M15,Data,8,FALSE),1,IF(L15>VLOOKUP(M15,Data,4,FALSE),(L15-VLOOKUP(M15,Data,4,FALSE))/VLOOKUP(M15,Data,5,FALSE),0)))+180*(IF(L15>VLOOKUP(M15,Data,10,FALSE),1,IF(L15>VLOOKUP(M15,Data,9,FALSE),(L15-VLOOKUP(M15,Data,9,FALSE))/VLOOKUP(M15,Data,7,FALSE),0))))) -> -33.937469 | O15: =-VLOOKUP(M15,Data,2,FALSE)*COS(RADIANS(180*(IF(L15>VLOOKUP(M15,Data,8,FALSE),1,IF(L15>VLOOKUP(M15,Data,4,FALSE),(L15-VLOOKUP(M15,Data,4,FALSE))/VLOOKUP(M15,Data,5,FALSE),0)))+180*(IF(L15>VLOOKUP(M15,Data,10,FALSE),1,IF(L15>VLOOKUP(M15,Data,9,FALSE),(L15-VLOOKUP(M15,Data,9,FALSE))/VLOOKUP(M15,Data,7,FALSE),0))))) -> -23.763272 | P15: 55 | Q15: =Q$4+VLOOKUP(Lanes!R15,Data,5,FALSE)*(P15/180) -> 118.02305 | R15: =R14 -> 4 | S15: =(Straight-(IF(Q15>VLOOKUP(R15,Data,4,FALSE),1,Q15/VLOOKUP(R15,Data,4,FALSE)))*Straight+(IF(Q15>VLOOKUP(R15,Data,9,FALSE),1,IF(Q15>VLOOKUP(R15,Data,8,FALSE),(Q15-VLOOKUP(R15,Data,8,FALSE))/VLOOKUP(R15,Data,6,FALSE),0)))*Straight)-VLOOKUP(R15,Data,2,FALSE)*SIN(RADIANS(180*(IF(Q15>VLOOKUP(R15,Data,8,FALSE),1,IF(Q15>VLOOKUP(R15,Data,4,FALSE),(Q15-VLOOKUP(R15,Data,4,FALSE))/VLOOKUP(R15,Data,5,FALSE),0)))+180*(IF(Q15>VLOOKUP(R15,Data,10,FALSE),1,IF(Q15>VLOOKUP(R15,Data,9,FALSE),(Q15-VLOOKUP(R15,Data,9,FALSE))/VLOOKUP(R15,Data,7,FALSE),0))))) -> -34.936835 | T15: =-VLOOKUP(R15,Data,2,FALSE)*COS(RADIANS(180*(IF(Q15>VLOOKUP(R15,Data,8,FALSE),1,IF(Q15>VLOOKUP(R15,Data,4,FALSE),(Q15-VLOOKUP(R15,Data,4,FALSE))/VLOOKUP(R15,Data,5,FALSE),0)))+180*(IF(Q15>VLOOKUP(R15,Data,10,FALSE),1,IF(Q15>VLOOKUP(R15,Data,9,FALSE),(Q15-VLOOKUP(R15,Data,9,FALSE))/VLOOKUP(R15,Data,7,FALSE),0))))) -> -24.463035 | U15: 55 | V15: =V$4+VLOOKUP(Lanes!W15,Data,5,FALSE)*(U15/180) -> 119.19416 | W15: =W14 -> 5 | X15: =(Straight-(IF(V15>VLOOKUP(W15,Data,4,FALSE),1,V15/VLOOKUP(W15,Data,4,FALSE)))*Straight+(IF(V15>VLOOKUP(W15,Data,9,FALSE),1,IF(V15>VLOOKUP(W15,Data,8,FALSE),(V15-VLOOKUP(W15,Data,8,FALSE))/VLOOKUP(W15,Data,6,FALSE),0)))*Straight)-VLOOKUP(W15,Data,2,FALSE)*SIN(RADIANS(180*(IF(V15>VLOOKUP(W15,Data,8,FALSE),1,IF(V15>VLOOKUP(W15,Data,4,FALSE),(V15-VLOOKUP(W15,Data,4,FALSE))/VLOOKUP(W15,Data,5,FALSE),0)))+180*(IF(V15>VLOOKUP(W15,Data,10,FALSE),1,IF(V15>VLOOKUP(W15,Data,9,FALSE),(V15-VLOOKUP(W15,Data,9,FALSE))/VLOOKUP(W15,Data,7,FALSE),0))))) -> -35.9362 | Y15: =-VLOOKUP(W15,Data,2,FALSE)*COS(RADIANS(180*(IF(V15>VLOOKUP(W15,Data,8,FALSE),1,IF(V15>VLOOKUP(W15,Data,4,FALSE),(V15-VLOOKUP(W15,Data,4,FALSE))/VLOOKUP(W15,Data,5,FALSE),0)))+180*(IF(V15>VLOOKUP(W15,Data,10,FALSE),1,IF(V15>VLOOKUP(W15,Data,9,FALSE),(V15-VLOOKUP(W15,Data,9,FALSE))/VLOOKUP(W15,Data,7,FALSE),0))))) -> -25.162798 | Z15: 55 | AA15: =AA$4+VLOOKUP(Lanes!AB15,Data,5,FALSE)*(Z15/180) -> 120.36528 | AB15: =AB14 -> 6 | AC15: =(Straight-(IF(AA15>VLOOKUP(AB15,Data,4,FALSE),1,AA15/VLOOKUP(AB15,Data,4,FALSE)))*Straight+(IF(AA15>VLOOKUP(AB15,Data,9,FALSE),1,IF(AA15>VLOOKUP(AB15,Data,8,FALSE),(AA15-VLOOKUP(AB15,Data,8,FALSE))/VLOOKUP(AB15,Data,6,FALSE),0)))*Straight)-VLOOKUP(AB15,Data,2,FALSE)*SIN(RADIANS(180*(IF(AA15>VLOOKUP(AB15,Data,8,FALSE),1,IF(AA15>VLOOKUP(AB15,Data,4,FALSE),(AA15-VLOOKUP(AB15,Data,4,FALSE))/VLOOKUP(AB15,Data,5,FALSE),0)))+180*(IF(AA15>VLOOKUP(AB15,Data,10,FALSE),1,IF(AA15>VLOOKUP(AB15,Data,9,FALSE),(AA15-VLOOKUP(AB15,Data,9,FALSE))/VLOOKUP(AB15,Data,7,FALSE),0))))) -> -36.935566 | AD15: =-VLOOKUP(AB15,Data,2,FALSE)*COS(RADIANS(180*(IF(AA15>VLOOKUP(AB15,Data,8,FALSE),1,IF(AA15>VLOOKUP(AB15,Data,4,FALSE),(AA15-VLOOKUP(AB15,Data,4,FALSE))/VLOOKUP(AB15,Data,5,FALSE),0)))+180*(IF(AA15>VLOOKUP(AB15,Data,10,FALSE),1,IF(AA15>VLOOKUP(AB15,Data,9,FALSE),(AA15-VLOOKUP(AB15,Data,9,FALSE))/VLOOKUP(AB15,Data,7,FALSE),0))))) -> -25.862562 | AE15: 55 | AF15: =AF$4+VLOOKUP(Lanes!AG15,Data,5,FALSE)*(AE15/180) -> 121.53639 | AG15: =AG14 -> 7 | AH15: =(Straight-(IF(AF15>VLOOKUP(AG15,Data,4,FALSE),1,AF15/VLOOKUP(AG15,Data,4,FALSE)))*Straight+(IF(AF15>VLOOKUP(AG15,Data,9,FALSE),1,IF(AF15>VLOOKUP(AG15,Data,8,FALSE),(AF15-VLOOKUP(AG15,Data,8,FALSE))/VLOOKUP(AG15,Data,6,FALSE),0)))*Straight)-VLOOKUP(AG15,Data,2,FALSE)*SIN(RADIANS(180*(IF(AF15>VLOOKUP(AG15,Data,8,FALSE),1,IF(AF15>VLOOKUP(AG15,Data,4,FALSE),(AF15-VLOOKUP(AG15,Data,4,FALSE))/VLOOKUP(AG15,Data,5,FALSE),0)))+180*(IF(AF15>VLOOKUP(AG15,Data,10,FALSE),1,IF(AF15>VLOOKUP(AG15,Data,9,FALSE),(AF15-VLOOKUP(AG15,Data,9,FALSE))/VLOOKUP(AG15,Data,7,FALSE),0))))) -> -37.934931 | AI15: =-VLOOKUP(AG15,Data,2,FALSE)*COS(RADIANS(180*(IF(AF15>VLOOKUP(AG15,Data,8,FALSE),1,IF(AF15>VLOOKUP(AG15,Data,4,FALSE),(AF15-VLOOKUP(AG15,Data,4,FALSE))/VLOOKUP(AG15,Data,5,FALSE),0)))+180*(IF(AF15>VLOOKUP(AG15,Data,10,FALSE),1,IF(AF15>VLOOKUP(AG15,Data,9,FALSE),(AF15-VLOOKUP(AG15,Data,9,FALSE))/VLOOKUP(AG15,Data,7,FALSE),0))))) -> -26.562325 | AJ15: 55 | AK15: =AK$4+VLOOKUP(Lanes!AL15,Data,5,FALSE)*(AJ15/180) -> 122.70751 | AL15: =AL14 -> 8 | AM15: =(Straight-(IF(AK15>VLOOKUP(AL15,Data,4,FALSE),1,AK15/VLOOKUP(AL15,Data,4,FALSE)))*Straight+(IF(AK15>VLOOKUP(AL15,Data,9,FALSE),1,IF(AK15>VLOOKUP(AL15,Data,8,FALSE),(AK15-VLOOKUP(AL15,Data,8,FALSE))/VLOOKUP(AL15,Data,6,FALSE),0)))*Straight)-VLOOKUP(AL15,Data,2,FALSE)*SIN(RADIANS(180*(IF(AK15>VLOOKUP(AL15,Data,8,FALSE),1,IF(AK15>VLOOKUP(AL15,Data,4,FALSE),(AK15-VLOOKUP(AL15,Data,4,FALSE))/VLOOKUP(AL15,Data,5,FALSE),0)))+180*(IF(AK15>VLOOKUP(AL15,Data,10,FALSE),1,IF(AK15>VLOOKUP(AL15,Data,9,FALSE),(AK15-VLOOKUP(AL15,Data,9,FALSE))/VLOOKUP(AL15,Data,7,FALSE),0))))) -> -38.934297 | AN15: =-VLOOKUP(AL15,Data,2,FALSE)*COS(RADIANS(180*(IF(AK15>VLOOKUP(AL15,Data,8,FALSE),1,IF(AK15>VLOOKUP(AL15,Data,4,FALSE),(AK15-VLOOKUP(AL15,Data,4,FALSE))/VLOOKUP(AL15,Data,5,FALSE),0)))+180*(IF(AK15>VLOOKUP(AL15,Data,10,FALSE),1,IF(AK15>VLOOKUP(AL15,Data,9,FALSE),(AK15-VLOOKUP(AL15,Data,9,FALSE))/VLOOKUP(AL15,Data,7,FALSE),0))))) -> -27.262088 | AO15: 55 | AP15: =AP$4+VLOOKUP(Lanes!AQ15,Data,5,FALSE)*(AO15/180) -> 123.87863 | AQ15: =AQ14 -> 9 | AR15: =(Straight-(IF(AP15>VLOOKUP(AQ15,Data,4,FALSE),1,AP15/VLOOKUP(AQ15,Data,4,FALSE)))*Straight+(IF(AP15>VLOOKUP(AQ15,Data,9,FALSE),1,IF(AP15>VLOOKUP(AQ15,Data,8,FALSE),(AP15-VLOOKUP(AQ15,Data,8,FALSE))/VLOOKUP(AQ15,Data,6,FALSE),0)))*Straight)-VLOOKUP(AQ15,Data,2,FALSE)*SIN(RADIANS(180*(IF(AP15>VLOOKUP(AQ15,Data,8,FALSE),1,IF(AP15>VLOOKUP(AQ15,Data,4,FALSE),(AP15-VLOOKUP(AQ15,Data,4,FALSE))/VLOOKUP(AQ15,Data,5,FALSE),0)))+180*(IF(AP15>VLOOKUP(AQ15,Data,10,FALSE),1,IF(AP15>VLOOKUP(AQ15,Data,9,FALSE),(AP15-VLOOKUP(AQ15,Data,9,FALSE))/VLOOKUP(AQ15,Data,7,FALSE),0))))) -> -39.933662 | AS15: =-VLOOKUP(AQ15,Data,2,FALSE)*COS(RADIANS(180*(IF(AP15>VLOOKUP(AQ15,Data,8,FALSE),1,IF(AP15>VLOOKUP(AQ15,Data,4,FALSE),(AP15-VLOOKUP(AQ15,Data,4,FALSE))/VLOOKUP(AQ15,Data,5,FALSE),0)))+180*(IF(AP15>VLOOKUP(AQ15,Data,10,FALSE),1,IF(AP15>VLOOKUP(AQ15,Data,9,FALSE),(AP15-VLOOKUP(AQ15,Data,9,FALSE))/VLOOKUP(AQ15,Data,7,FALSE),0))))) -> -27.961851 | AX15: -23.11 | AY15: =AY11-1.22 -> -41.43
A16: 60 | B16: =B$4+VLOOKUP(Lanes!C16,Data,5,FALSE)*(A16/180) -> 117.92967 | C16: =C15 -> 1 | D16: =(Straight-(IF(B16>VLOOKUP(C16,Data,4,FALSE),1,B16/VLOOKUP(C16,Data,4,FALSE)))*Straight+(IF(B16>VLOOKUP(C16,Data,9,FALSE),1,IF(B16>VLOOKUP(C16,Data,8,FALSE),(B16-VLOOKUP(C16,Data,8,FALSE))/VLOOKUP(C16,Data,6,FALSE),0)))*Straight)-VLOOKUP(C16,Data,2,FALSE)*SIN(RADIANS(180*(IF(B16>VLOOKUP(C16,Data,8,FALSE),1,IF(B16>VLOOKUP(C16,Data,4,FALSE),(B16-VLOOKUP(C16,Data,4,FALSE))/VLOOKUP(C16,Data,5,FALSE),0)))+180*(IF(B16>VLOOKUP(C16,Data,10,FALSE),1,IF(B16>VLOOKUP(C16,Data,9,FALSE),(B16-VLOOKUP(C16,Data,9,FALSE))/VLOOKUP(C16,Data,7,FALSE),0))))) -> -33.76633 | E16: =-VLOOKUP(C16,Data,2,FALSE)*COS(RADIANS(180*(IF(B16>VLOOKUP(C16,Data,8,FALSE),1,IF(B16>VLOOKUP(C16,Data,4,FALSE),(B16-VLOOKUP(C16,Data,4,FALSE))/VLOOKUP(C16,Data,5,FALSE),0)))+180*(IF(B16>VLOOKUP(C16,Data,10,FALSE),1,IF(B16>VLOOKUP(C16,Data,9,FALSE),(B16-VLOOKUP(C16,Data,9,FALSE))/VLOOKUP(C16,Data,7,FALSE),0))))) -> -19.495 | F16: 60 | G16: =G$4+VLOOKUP(Lanes!H16,Data,5,FALSE)*(F16/180) -> 119.20725 | H16: =H15 -> 2 | I16: =(Straight-(IF(G16>VLOOKUP(H16,Data,4,FALSE),1,G16/VLOOKUP(H16,Data,4,FALSE)))*Straight+(IF(G16>VLOOKUP(H16,Data,9,FALSE),1,IF(G16>VLOOKUP(H16,Data,8,FALSE),(G16-VLOOKUP(H16,Data,8,FALSE))/VLOOKUP(H16,Data,6,FALSE),0)))*Straight)-VLOOKUP(H16,Data,2,FALSE)*SIN(RADIANS(180*(IF(G16>VLOOKUP(H16,Data,8,FALSE),1,IF(G16>VLOOKUP(H16,Data,4,FALSE),(G16-VLOOKUP(H16,Data,4,FALSE))/VLOOKUP(H16,Data,5,FALSE),0)))+180*(IF(G16>VLOOKUP(H16,Data,10,FALSE),1,IF(G16>VLOOKUP(H16,Data,9,FALSE),(G16-VLOOKUP(H16,Data,9,FALSE))/VLOOKUP(H16,Data,7,FALSE),0))))) -> -34.822881 | J16: =-VLOOKUP(H16,Data,2,FALSE)*COS(RADIANS(180*(IF(G16>VLOOKUP(H16,Data,8,FALSE),1,IF(G16>VLOOKUP(H16,Data,4,FALSE),(G16-VLOOKUP(H16,Data,4,FALSE))/VLOOKUP(H16,Data,5,FALSE),0)))+180*(IF(G16>VLOOKUP(H16,Data,10,FALSE),1,IF(G16>VLOOKUP(H16,Data,9,FALSE),(G16-VLOOKUP(H16,Data,9,FALSE))/VLOOKUP(H16,Data,7,FALSE),0))))) -> -20.105 | K16: 60 | L16: =L$4+VLOOKUP(Lanes!M16,Data,5,FALSE)*(K16/180) -> 120.48483 | M16: =M15 -> 3 | N16: =(Straight-(IF(L16>VLOOKUP(M16,Data,4,FALSE),1,L16/VLOOKUP(M16,Data,4,FALSE)))*Straight+(IF(L16>VLOOKUP(M16,Data,9,FALSE),1,IF(L16>VLOOKUP(M16,Data,8,FALSE),(L16-VLOOKUP(M16,Data,8,FALSE))/VLOOKUP(M16,Data,6,FALSE),0)))*Straight)-VLOOKUP(M16,Data,2,FALSE)*SIN(RADIANS(180*(IF(L16>VLOOKUP(M16,Data,8,FALSE),1,IF(L16>VLOOKUP(M16,Data,4,FALSE),(L16-VLOOKUP(M16,Data,4,FALSE))/VLOOKUP(M16,Data,5,FALSE),0)))+180*(IF(L16>VLOOKUP(M16,Data,10,FALSE),1,IF(L16>VLOOKUP(M16,Data,9,FALSE),(L16-VLOOKUP(M16,Data,9,FALSE))/VLOOKUP(M16,Data,7,FALSE),0))))) -> -35.879432 | O16: =-VLOOKUP(M16,Data,2,FALSE)*COS(RADIANS(180*(IF(L16>VLOOKUP(M16,Data,8,FALSE),1,IF(L16>VLOOKUP(M16,Data,4,FALSE),(L16-VLOOKUP(M16,Data,4,FALSE))/VLOOKUP(M16,Data,5,FALSE),0)))+180*(IF(L16>VLOOKUP(M16,Data,10,FALSE),1,IF(L16>VLOOKUP(M16,Data,9,FALSE),(L16-VLOOKUP(M16,Data,9,FALSE))/VLOOKUP(M16,Data,7,FALSE),0))))) -> -20.715 | P16: 60 | Q16: =Q$4+VLOOKUP(Lanes!R16,Data,5,FALSE)*(P16/180) -> 121.76242 | R16: =R15 -> 4 | S16: =(Straight-(IF(Q16>VLOOKUP(R16,Data,4,FALSE),1,Q16/VLOOKUP(R16,Data,4,FALSE)))*Straight+(IF(Q16>VLOOKUP(R16,Data,9,FALSE),1,IF(Q16>VLOOKUP(R16,Data,8,FALSE),(Q16-VLOOKUP(R16,Data,8,FALSE))/VLOOKUP(R16,Data,6,FALSE),0)))*Straight)-VLOOKUP(R16,Data,2,FALSE)*SIN(RADIANS(180*(IF(Q16>VLOOKUP(R16,Data,8,FALSE),1,IF(Q16>VLOOKUP(R16,Data,4,FALSE),(Q16-VLOOKUP(R16,Data,4,FALSE))/VLOOKUP(R16,Data,5,FALSE),0)))+180*(IF(Q16>VLOOKUP(R16,Data,10,FALSE),1,IF(Q16>VLOOKUP(R16,Data,9,FALSE),(Q16-VLOOKUP(R16,Data,9,FALSE))/VLOOKUP(R16,Data,7,FALSE),0))))) -> -36.935983 | T16: =-VLOOKUP(R16,Data,2,FALSE)*COS(RADIANS(180*(IF(Q16>VLOOKUP(R16,Data,8,FALSE),1,IF(Q16>VLOOKUP(R16,Data,4,FALSE),(Q16-VLOOKUP(R16,Data,4,FALSE))/VLOOKUP(R16,Data,5,FALSE),0)))+180*(IF(Q16>VLOOKUP(R16,Data,10,FALSE),1,IF(Q16>VLOOKUP(R16,Data,9,FALSE),(Q16-VLOOKUP(R16,Data,9,FALSE))/VLOOKUP(R16,Data,7,FALSE),0))))) -> -21.325 | U16: 60 | V16: =V$4+VLOOKUP(Lanes!W16,Data,5,FALSE)*(U16/180) -> 123.04 | W16: =W15 -> 5 | X16: =(Straight-(IF(V16>VLOOKUP(W16,Data,4,FALSE),1,V16/VLOOKUP(W16,Data,4,FALSE)))*Straight+(IF(V16>VLOOKUP(W16,Data,9,FALSE),1,IF(V16>VLOOKUP(W16,Data,8,FALSE),(V16-VLOOKUP(W16,Data,8,FALSE))/VLOOKUP(W16,Data,6,FALSE),0)))*Straight)-VLOOKUP(W16,Data,2,FALSE)*SIN(RADIANS(180*(IF(V16>VLOOKUP(W16,Data,8,FALSE),1,IF(V16>VLOOKUP(W16,Data,4,FALSE),(V16-VLOOKUP(W16,Data,4,FALSE))/VLOOKUP(W16,Data,5,FALSE),0)))+180*(IF(V16>VLOOKUP(W16,Data,10,FALSE),1,IF(V16>VLOOKUP(W16,Data,9,FALSE),(V16-VLOOKUP(W16,Data,9,FALSE))/VLOOKUP(W16,Data,7,FALSE),0))))) -> -37.992534 | Y16: =-VLOOKUP(W16,Data,2,FALSE)*COS(RADIANS(180*(IF(V16>VLOOKUP(W16,Data,8,FALSE),1,IF(V16>VLOOKUP(W16,Data,4,FALSE),(V16-VLOOKUP(W16,Data,4,FALSE))/VLOOKUP(W16,Data,5,FALSE),0)))+180*(IF(V16>VLOOKUP(W16,Data,10,FALSE),1,IF(V16>VLOOKUP(W16,Data,9,FALSE),(V16-VLOOKUP(W16,Data,9,FALSE))/VLOOKUP(W16,Data,7,FALSE),0))))) -> -21.935 | Z16: 60 | AA16: =AA$4+VLOOKUP(Lanes!AB16,Data,5,FALSE)*(Z16/180) -> 124.31758 | AB16: =AB15 -> 6 | AC16: =(Straight-(IF(AA16>VLOOKUP(AB16,Data,4,FALSE),1,AA16/VLOOKUP(AB16,Data,4,FALSE)))*Straight+(IF(AA16>VLOOKUP(AB16,Data,9,FALSE),1,IF(AA16>VLOOKUP(AB16,Data,8,FALSE),(AA16-VLOOKUP(AB16,Data,8,FALSE))/VLOOKUP(AB16,Data,6,FALSE),0)))*Straight)-VLOOKUP(AB16,Data,2,FALSE)*SIN(RADIANS(180*(IF(AA16>VLOOKUP(AB16,Data,8,FALSE),1,IF(AA16>VLOOKUP(AB16,Data,4,FALSE),(AA16-VLOOKUP(AB16,Data,4,FALSE))/VLOOKUP(AB16,Data,5,FALSE),0)))+180*(IF(AA16>VLOOKUP(AB16,Data,10,FALSE),1,IF(AA16>VLOOKUP(AB16,Data,9,FALSE),(AA16-VLOOKUP(AB16,Data,9,FALSE))/VLOOKUP(AB16,Data,7,FALSE),0))))) -> -39.049085 | AD16: =-VLOOKUP(AB16,Data,2,FALSE)*COS(RADIANS(180*(IF(AA16>VLOOKUP(AB16,Data,8,FALSE),1,IF(AA16>VLOOKUP(AB16,Data,4,FALSE),(AA16-VLOOKUP(AB16,Data,4,FALSE))/VLOOKUP(AB16,Data,5,FALSE),0)))+180*(IF(AA16>VLOOKUP(AB16,Data,10,FALSE),1,IF(AA16>VLOOKUP(AB16,Data,9,FALSE),(AA16-VLOOKUP(AB16,Data,9,FALSE))/VLOOKUP(AB16,Data,7,FALSE),0))))) -> -22.545 | AE16: 60 | AF16: =AF$4+VLOOKUP(Lanes!AG16,Data,5,FALSE)*(AE16/180) -> 125.59516 | AG16: =AG15 -> 7 | AH16: =(Straight-(IF(AF16>VLOOKUP(AG16,Data,4,FALSE),1,AF16/VLOOKUP(AG16,Data,4,FALSE)))*Straight+(IF(AF16>VLOOKUP(AG16,Data,9,FALSE),1,IF(AF16>VLOOKUP(AG16,Data,8,FALSE),(AF16-VLOOKUP(AG16,Data,8,FALSE))/VLOOKUP(AG16,Data,6,FALSE),0)))*Straight)-VLOOKUP(AG16,Data,2,FALSE)*SIN(RADIANS(180*(IF(AF16>VLOOKUP(AG16,Data,8,FALSE),1,IF(AF16>VLOOKUP(AG16,Data,4,FALSE),(AF16-VLOOKUP(AG16,Data,4,FALSE))/VLOOKUP(AG16,Data,5,FALSE),0)))+180*(IF(AF16>VLOOKUP(AG16,Data,10,FALSE),1,IF(AF16>VLOOKUP(AG16,Data,9,FALSE),(AF16-VLOOKUP(AG16,Data,9,FALSE))/VLOOKUP(AG16,Data,7,FALSE),0))))) -> -40.105636 | AI16: =-VLOOKUP(AG16,Data,2,FALSE)*COS(RADIANS(180*(IF(AF16>VLOOKUP(AG16,Data,8,FALSE),1,IF(AF16>VLOOKUP(AG16,Data,4,FALSE),(AF16-VLOOKUP(AG16,Data,4,FALSE))/VLOOKUP(AG16,Data,5,FALSE),0)))+180*(IF(AF16>VLOOKUP(AG16,Data,10,FALSE),1,IF(AF16>VLOOKUP(AG16,Data,9,FALSE),(AF16-VLOOKUP(AG16,Data,9,FALSE))/VLOOKUP(AG16,Data,7,FALSE),0))))) -> -23.155 | AJ16: 60 | AK16: =AK$4+VLOOKUP(Lanes!AL16,Data,5,FALSE)*(AJ16/180) -> 126.87274 | AL16: =AL15 -> 8 | AM16: =(Straight-(IF(AK16>VLOOKUP(AL16,Data,4,FALSE),1,AK16/VLOOKUP(AL16,Data,4,FALSE)))*Straight+(IF(AK16>VLOOKUP(AL16,Data,9,FALSE),1,IF(AK16>VLOOKUP(AL16,Data,8,FALSE),(AK16-VLOOKUP(AL16,Data,8,FALSE))/VLOOKUP(AL16,Data,6,FALSE),0)))*Straight)-VLOOKUP(AL16,Data,2,FALSE)*SIN(RADIANS(180*(IF(AK16>VLOOKUP(AL16,Data,8,FALSE),1,IF(AK16>VLOOKUP(AL16,Data,4,FALSE),(AK16-VLOOKUP(AL16,Data,4,FALSE))/VLOOKUP(AL16,Data,5,FALSE),0)))+180*(IF(AK16>VLOOKUP(AL16,Data,10,FALSE),1,IF(AK16>VLOOKUP(AL16,Data,9,FALSE),(AK16-VLOOKUP(AL16,Data,9,FALSE))/VLOOKUP(AL16,Data,7,FALSE),0))))) -> -41.162187 | AN16: =-VLOOKUP(AL16,Data,2,FALSE)*COS(RADIANS(180*(IF(AK16>VLOOKUP(AL16,Data,8,FALSE),1,IF(AK16>VLOOKUP(AL16,Data,4,FALSE),(AK16-VLOOKUP(AL16,Data,4,FALSE))/VLOOKUP(AL16,Data,5,FALSE),0)))+180*(IF(AK16>VLOOKUP(AL16,Data,10,FALSE),1,IF(AK16>VLOOKUP(AL16,Data,9,FALSE),(AK16-VLOOKUP(AL16,Data,9,FALSE))/VLOOKUP(AL16,Data,7,FALSE),0))))) -> -23.765 | AO16: 60 | AP16: =AP$4+VLOOKUP(Lanes!AQ16,Data,5,FALSE)*(AO16/180) -> 128.15032 | AQ16: =AQ15 -> 9 | AR16: =(Straight-(IF(AP16>VLOOKUP(AQ16,Data,4,FALSE),1,AP16/VLOOKUP(AQ16,Data,4,FALSE)))*Straight+(IF(AP16>VLOOKUP(AQ16,Data,9,FALSE),1,IF(AP16>VLOOKUP(AQ16,Data,8,FALSE),(AP16-VLOOKUP(AQ16,Data,8,FALSE))/VLOOKUP(AQ16,Data,6,FALSE),0)))*Straight)-VLOOKUP(AQ16,Data,2,FALSE)*SIN(RADIANS(180*(IF(AP16>VLOOKUP(AQ16,Data,8,FALSE),1,IF(AP16>VLOOKUP(AQ16,Data,4,FALSE),(AP16-VLOOKUP(AQ16,Data,4,FALSE))/VLOOKUP(AQ16,Data,5,FALSE),0)))+180*(IF(AP16>VLOOKUP(AQ16,Data,10,FALSE),1,IF(AP16>VLOOKUP(AQ16,Data,9,FALSE),(AP16-VLOOKUP(AQ16,Data,9,FALSE))/VLOOKUP(AQ16,Data,7,FALSE),0))))) -> -42.218738 | AS16: =-VLOOKUP(AQ16,Data,2,FALSE)*COS(RADIANS(180*(IF(AP16>VLOOKUP(AQ16,Data,8,FALSE),1,IF(AP16>VLOOKUP(AQ16,Data,4,FALSE),(AP16-VLOOKUP(AQ16,Data,4,FALSE))/VLOOKUP(AQ16,Data,5,FALSE),0)))+180*(IF(AP16>VLOOKUP(AQ16,Data,10,FALSE),1,IF(AP16>VLOOKUP(AQ16,Data,9,FALSE),(AP16-VLOOKUP(AQ16,Data,9,FALSE))/VLOOKUP(AQ16,Data,7,FALSE),0))))) -> -24.375 | AX16: 0 | AY16: =AY12-1.22 -> -41.43
A17: 65 | B17: =B$4+VLOOKUP(Lanes!C17,Data,5,FALSE)*(A17/180) -> 121.34964 | C17: =C16 -> 1 | D17: =(Straight-(IF(B17>VLOOKUP(C17,Data,4,FALSE),1,B17/VLOOKUP(C17,Data,4,FALSE)))*Straight+(IF(B17>VLOOKUP(C17,Data,9,FALSE),1,IF(B17>VLOOKUP(C17,Data,8,FALSE),(B17-VLOOKUP(C17,Data,8,FALSE))/VLOOKUP(C17,Data,6,FALSE),0)))*Straight)-VLOOKUP(C17,Data,2,FALSE)*SIN(RADIANS(180*(IF(B17>VLOOKUP(C17,Data,8,FALSE),1,IF(B17>VLOOKUP(C17,Data,4,FALSE),(B17-VLOOKUP(C17,Data,4,FALSE))/VLOOKUP(C17,Data,5,FALSE),0)))+180*(IF(B17>VLOOKUP(C17,Data,10,FALSE),1,IF(B17>VLOOKUP(C17,Data,9,FALSE),(B17-VLOOKUP(C17,Data,9,FALSE))/VLOOKUP(C17,Data,7,FALSE),0))))) -> -35.336941 | E17: =-VLOOKUP(C17,Data,2,FALSE)*COS(RADIANS(180*(IF(B17>VLOOKUP(C17,Data,8,FALSE),1,IF(B17>VLOOKUP(C17,Data,4,FALSE),(B17-VLOOKUP(C17,Data,4,FALSE))/VLOOKUP(C17,Data,5,FALSE),0)))+180*(IF(B17>VLOOKUP(C17,Data,10,FALSE),1,IF(B17>VLOOKUP(C17,Data,9,FALSE),(B17-VLOOKUP(C17,Data,9,FALSE))/VLOOKUP(C17,Data,7,FALSE),0))))) -> -16.477886 | F17: 65 | G17: =G$4+VLOOKUP(Lanes!H17,Data,5,FALSE)*(F17/180) -> 122.73369 | H17: =H16 -> 2 | I17: =(Straight-(IF(G17>VLOOKUP(H17,Data,4,FALSE),1,G17/VLOOKUP(H17,Data,4,FALSE)))*Straight+(IF(G17>VLOOKUP(H17,Data,9,FALSE),1,IF(G17>VLOOKUP(H17,Data,8,FALSE),(G17-VLOOKUP(H17,Data,8,FALSE))/VLOOKUP(H17,Data,6,FALSE),0)))*Straight)-VLOOKUP(H17,Data,2,FALSE)*SIN(RADIANS(180*(IF(G17>VLOOKUP(H17,Data,8,FALSE),1,IF(G17>VLOOKUP(H17,Data,4,FALSE),(G17-VLOOKUP(H17,Data,4,FALSE))/VLOOKUP(H17,Data,5,FALSE),0)))+180*(IF(G17>VLOOKUP(H17,Data,10,FALSE),1,IF(G17>VLOOKUP(H17,Data,9,FALSE),(G17-VLOOKUP(H17,Data,9,FALSE))/VLOOKUP(H17,Data,7,FALSE),0))))) -> -36.442636 | J17: =-VLOOKUP(H17,Data,2,FALSE)*COS(RADIANS(180*(IF(G17>VLOOKUP(H17,Data,8,FALSE),1,IF(G17>VLOOKUP(H17,Data,4,FALSE),(G17-VLOOKUP(H17,Data,4,FALSE))/VLOOKUP(H17,Data,5,FALSE),0)))+180*(IF(G17>VLOOKUP(H17,Data,10,FALSE),1,IF(G17>VLOOKUP(H17,Data,9,FALSE),(G17-VLOOKUP(H17,Data,9,FALSE))/VLOOKUP(H17,Data,7,FALSE),0))))) -> -16.99348 | K17: 65 | L17: =L$4+VLOOKUP(Lanes!M17,Data,5,FALSE)*(K17/180) -> 124.11774 | M17: =M16 -> 3 | N17: =(Straight-(IF(L17>VLOOKUP(M17,Data,4,FALSE),1,L17/VLOOKUP(M17,Data,4,FALSE)))*Straight+(IF(L17>VLOOKUP(M17,Data,9,FALSE),1,IF(L17>VLOOKUP(M17,Data,8,FALSE),(L17-VLOOKUP(M17,Data,8,FALSE))/VLOOKUP(M17,Data,6,FALSE),0)))*Straight)-VLOOKUP(M17,Data,2,FALSE)*SIN(RADIANS(180*(IF(L17>VLOOKUP(M17,Data,8,FALSE),1,IF(L17>VLOOKUP(M17,Data,4,FALSE),(L17-VLOOKUP(M17,Data,4,FALSE))/VLOOKUP(M17,Data,5,FALSE),0)))+180*(IF(L17>VLOOKUP(M17,Data,10,FALSE),1,IF(L17>VLOOKUP(M17,Data,9,FALSE),(L17-VLOOKUP(M17,Data,9,FALSE))/VLOOKUP(M17,Data,7,FALSE),0))))) -> -37.548332 | O17: =-VLOOKUP(M17,Data,2,FALSE)*COS(RADIANS(180*(IF(L17>VLOOKUP(M17,Data,8,FALSE),1,IF(L17>VLOOKUP(M17,Data,4,FALSE),(L17-VLOOKUP(M17,Data,4,FALSE))/VLOOKUP(M17,Data,5,FALSE),0)))+180*(IF(L17>VLOOKUP(M17,Data,10,FALSE),1,IF(L17>VLOOKUP(M17,Data,9,FALSE),(L17-VLOOKUP(M17,Data,9,FALSE))/VLOOKUP(M17,Data,7,FALSE),0))))) -> -17.509075 | P17: 65 | Q17: =Q$4+VLOOKUP(Lanes!R17,Data,5,FALSE)*(P17/180) -> 125.50178 | R17: =R16 -> 4 | S17: =(Straight-(IF(Q17>VLOOKUP(R17,Data,4,FALSE),1,Q17/VLOOKUP(R17,Data,4,FALSE)))*Straight+(IF(Q17>VLOOKUP(R17,Data,9,FALSE),1,IF(Q17>VLOOKUP(R17,Data,8,FALSE),(Q17-VLOOKUP(R17,Data,8,FALSE))/VLOOKUP(R17,Data,6,FALSE),0)))*Straight)-VLOOKUP(R17,Data,2,FALSE)*SIN(RADIANS(180*(IF(Q17>VLOOKUP(R17,Data,8,FALSE),1,IF(Q17>VLOOKUP(R17,Data,4,FALSE),(Q17-VLOOKUP(R17,Data,4,FALSE))/VLOOKUP(R17,Data,5,FALSE),0)))+180*(IF(Q17>VLOOKUP(R17,Data,10,FALSE),1,IF(Q17>VLOOKUP(R17,Data,9,FALSE),(Q17-VLOOKUP(R17,Data,9,FALSE))/VLOOKUP(R17,Data,7,FALSE),0))))) -> -38.654027 | T17: =-VLOOKUP(R17,Data,2,FALSE)*COS(RADIANS(180*(IF(Q17>VLOOKUP(R17,Data,8,FALSE),1,IF(Q17>VLOOKUP(R17,Data,4,FALSE),(Q17-VLOOKUP(R17,Data,4,FALSE))/VLOOKUP(R17,Data,5,FALSE),0)))+180*(IF(Q17>VLOOKUP(R17,Data,10,FALSE),1,IF(Q17>VLOOKUP(R17,Data,9,FALSE),(Q17-VLOOKUP(R17,Data,9,FALSE))/VLOOKUP(R17,Data,7,FALSE),0))))) -> -18.024669 | U17: 65 | V17: =V$4+VLOOKUP(Lanes!W17,Data,5,FALSE)*(U17/180) -> 126.88583 | W17: =W16 -> 5 | X17: =(Straight-(IF(V17>VLOOKUP(W17,Data,4,FALSE),1,V17/VLOOKUP(W17,Data,4,FALSE)))*Straight+(IF(V17>VLOOKUP(W17,Data,9,FALSE),1,IF(V17>VLOOKUP(W17,Data,8,FALSE),(V17-VLOOKUP(W17,Data,8,FALSE))/VLOOKUP(W17,Data,6,FALSE),0)))*Straight)-VLOOKUP(W17,Data,2,FALSE)*SIN(RADIANS(180*(IF(V17>VLOOKUP(W17,Data,8,FALSE),1,IF(V17>VLOOKUP(W17,Data,4,FALSE),(V17-VLOOKUP(W17,Data,4,FALSE))/VLOOKUP(W17,Data,5,FALSE),0)))+180*(IF(V17>VLOOKUP(W17,Data,10,FALSE),1,IF(V17>VLOOKUP(W17,Data,9,FALSE),(V17-VLOOKUP(W17,Data,9,FALSE))/VLOOKUP(W17,Data,7,FALSE),0))))) -> -39.759723 | Y17: =-VLOOKUP(W17,Data,2,FALSE)*COS(RADIANS(180*(IF(V17>VLOOKUP(W17,Data,8,FALSE),1,IF(V17>VLOOKUP(W17,Data,4,FALSE),(V17-VLOOKUP(W17,Data,4,FALSE))/VLOOKUP(W17,Data,5,FALSE),0)))+180*(IF(V17>VLOOKUP(W17,Data,10,FALSE),1,IF(V17>VLOOKUP(W17,Data,9,FALSE),(V17-VLOOKUP(W17,Data,9,FALSE))/VLOOKUP(W17,Data,7,FALSE),0))))) -> -18.540263 | Z17: 65 | AA17: =AA$4+VLOOKUP(Lanes!AB17,Data,5,FALSE)*(Z17/180) -> 128.26988 | AB17: =AB16 -> 6 | AC17: =(Straight-(IF(AA17>VLOOKUP(AB17,Data,4,FALSE),1,AA17/VLOOKUP(AB17,Data,4,FALSE)))*Straight+(IF(AA17>VLOOKUP(AB17,Data,9,FALSE),1,IF(AA17>VLOOKUP(AB17,Data,8,FALSE),(AA17-VLOOKUP(AB17,Data,8,FALSE))/VLOOKUP(AB17,Data,6,FALSE),0)))*Straight)-VLOOKUP(AB17,Data,2,FALSE)*SIN(RADIANS(180*(IF(AA17>VLOOKUP(AB17,Data,8,FALSE),1,IF(AA17>VLOOKUP(AB17,Data,4,FALSE),(AA17-VLOOKUP(AB17,Data,4,FALSE))/VLOOKUP(AB17,Data,5,FALSE),0)))+180*(IF(AA17>VLOOKUP(AB17,Data,10,FALSE),1,IF(AA17>VLOOKUP(AB17,Data,9,FALSE),(AA17-VLOOKUP(AB17,Data,9,FALSE))/VLOOKUP(AB17,Data,7,FALSE),0))))) -> -40.865418 | AD17: =-VLOOKUP(AB17,Data,2,FALSE)*COS(RADIANS(180*(IF(AA17>VLOOKUP(AB17,Data,8,FALSE),1,IF(AA17>VLOOKUP(AB17,Data,4,FALSE),(AA17-VLOOKUP(AB17,Data,4,FALSE))/VLOOKUP(AB17,Data,5,FALSE),0)))+180*(IF(AA17>VLOOKUP(AB17,Data,10,FALSE),1,IF(AA17>VLOOKUP(AB17,Data,9,FALSE),(AA17-VLOOKUP(AB17,Data,9,FALSE))/VLOOKUP(AB17,Data,7,FALSE),0))))) -> -19.055857 | AE17: 65 | AF17: =AF$4+VLOOKUP(Lanes!AG17,Data,5,FALSE)*(AE17/180) -> 129.65392 | AG17: =AG16 -> 7 | AH17: =(Straight-(IF(AF17>VLOOKUP(AG17,Data,4,FALSE),1,AF17/VLOOKUP(AG17,Data,4,FALSE)))*Straight+(IF(AF17>VLOOKUP(AG17,Data,9,FALSE),1,IF(AF17>VLOOKUP(AG17,Data,8,FALSE),(AF17-VLOOKUP(AG17,Data,8,FALSE))/VLOOKUP(AG17,Data,6,FALSE),0)))*Straight)-VLOOKUP(AG17,Data,2,FALSE)*SIN(RADIANS(180*(IF(AF17>VLOOKUP(AG17,Data,8,FALSE),1,IF(AF17>VLOOKUP(AG17,Data,4,FALSE),(AF17-VLOOKUP(AG17,Data,4,FALSE))/VLOOKUP(AG17,Data,5,FALSE),0)))+180*(IF(AF17>VLOOKUP(AG17,Data,10,FALSE),1,IF(AF17>VLOOKUP(AG17,Data,9,FALSE),(AF17-VLOOKUP(AG17,Data,9,FALSE))/VLOOKUP(AG17,Data,7,FALSE),0))))) -> -41.971114 | AI17: =-VLOOKUP(AG17,Data,2,FALSE)*COS(RADIANS(180*(IF(AF17>VLOOKUP(AG17,Data,8,FALSE),1,IF(AF17>VLOOKUP(AG17,Data,4,FALSE),(AF17-VLOOKUP(AG17,Data,4,FALSE))/VLOOKUP(AG17,Data,5,FALSE),0)))+180*(IF(AF17>VLOOKUP(AG17,Data,10,FALSE),1,IF(AF17>VLOOKUP(AG17,Data,9,FALSE),(AF17-VLOOKUP(AG17,Data,9,FALSE))/VLOOKUP(AG17,Data,7,FALSE),0))))) -> -19.571452 | AJ17: 65 | AK17: =AK$4+VLOOKUP(Lanes!AL17,Data,5,FALSE)*(AJ17/180) -> 131.03797 | AL17: =AL16 -> 8 | AM17: =(Straight-(IF(AK17>VLOOKUP(AL17,Data,4,FALSE),1,AK17/VLOOKUP(AL17,Data,4,FALSE)))*Straight+(IF(AK17>VLOOKUP(AL17,Data,9,FALSE),1,IF(AK17>VLOOKUP(AL17,Data,8,FALSE),(AK17-VLOOKUP(AL17,Data,8,FALSE))/VLOOKUP(AL17,Data,6,FALSE),0)))*Straight)-VLOOKUP(AL17,Data,2,FALSE)*SIN(RADIANS(180*(IF(AK17>VLOOKUP(AL17,Data,8,FALSE),1,IF(AK17>VLOOKUP(AL17,Data,4,FALSE),(AK17-VLOOKUP(AL17,Data,4,FALSE))/VLOOKUP(AL17,Data,5,FALSE),0)))+180*(IF(AK17>VLOOKUP(AL17,Data,10,FALSE),1,IF(AK17>VLOOKUP(AL17,Data,9,FALSE),(AK17-VLOOKUP(AL17,Data,9,FALSE))/VLOOKUP(AL17,Data,7,FALSE),0))))) -> -43.076809 | AN17: =-VLOOKUP(AL17,Data,2,FALSE)*COS(RADIANS(180*(IF(AK17>VLOOKUP(AL17,Data,8,FALSE),1,IF(AK17>VLOOKUP(AL17,Data,4,FALSE),(AK17-VLOOKUP(AL17,Data,4,FALSE))/VLOOKUP(AL17,Data,5,FALSE),0)))+180*(IF(AK17>VLOOKUP(AL17,Data,10,FALSE),1,IF(AK17>VLOOKUP(AL17,Data,9,FALSE),(AK17-VLOOKUP(AL17,Data,9,FALSE))/VLOOKUP(AL17,Data,7,FALSE),0))))) -> -20.087046 | AO17: 65 | AP17: =AP$4+VLOOKUP(Lanes!AQ17,Data,5,FALSE)*(AO17/180) -> 132.42201 | AQ17: =AQ16 -> 9 | AR17: =(Straight-(IF(AP17>VLOOKUP(AQ17,Data,4,FALSE),1,AP17/VLOOKUP(AQ17,Data,4,FALSE)))*Straight+(IF(AP17>VLOOKUP(AQ17,Data,9,FALSE),1,IF(AP17>VLOOKUP(AQ17,Data,8,FALSE),(AP17-VLOOKUP(AQ17,Data,8,FALSE))/VLOOKUP(AQ17,Data,6,FALSE),0)))*Straight)-VLOOKUP(AQ17,Data,2,FALSE)*SIN(RADIANS(180*(IF(AP17>VLOOKUP(AQ17,Data,8,FALSE),1,IF(AP17>VLOOKUP(AQ17,Data,4,FALSE),(AP17-VLOOKUP(AQ17,Data,4,FALSE))/VLOOKUP(AQ17,Data,5,FALSE),0)))+180*(IF(AP17>VLOOKUP(AQ17,Data,10,FALSE),1,IF(AP17>VLOOKUP(AQ17,Data,9,FALSE),(AP17-VLOOKUP(AQ17,Data,9,FALSE))/VLOOKUP(AQ17,Data,7,FALSE),0))))) -> -44.182505 | AS17: =-VLOOKUP(AQ17,Data,2,FALSE)*COS(RADIANS(180*(IF(AP17>VLOOKUP(AQ17,Data,8,FALSE),1,IF(AP17>VLOOKUP(AQ17,Data,4,FALSE),(AP17-VLOOKUP(AQ17,Data,4,FALSE))/VLOOKUP(AQ17,Data,5,FALSE),0)))+180*(IF(AP17>VLOOKUP(AQ17,Data,10,FALSE),1,IF(AP17>VLOOKUP(AQ17,Data,9,FALSE),(AP17-VLOOKUP(AQ17,Data,9,FALSE))/VLOOKUP(AQ17,Data,7,FALSE),0))))) -> -20.60264 | AX17: Home Straight Lane 4
A18: 70 | B18: =B$4+VLOOKUP(Lanes!C18,Data,5,FALSE)*(A18/180) -> 124.76962 | C18: =C17 -> 1 | D18: =(Straight-(IF(B18>VLOOKUP(C18,Data,4,FALSE),1,B18/VLOOKUP(C18,Data,4,FALSE)))*Straight+(IF(B18>VLOOKUP(C18,Data,9,FALSE),1,IF(B18>VLOOKUP(C18,Data,8,FALSE),(B18-VLOOKUP(C18,Data,8,FALSE))/VLOOKUP(C18,Data,6,FALSE),0)))*Straight)-VLOOKUP(C18,Data,2,FALSE)*SIN(RADIANS(180*(IF(B18>VLOOKUP(C18,Data,8,FALSE),1,IF(B18>VLOOKUP(C18,Data,4,FALSE),(B18-VLOOKUP(C18,Data,4,FALSE))/VLOOKUP(C18,Data,5,FALSE),0)))+180*(IF(B18>VLOOKUP(C18,Data,10,FALSE),1,IF(B18>VLOOKUP(C18,Data,9,FALSE),(B18-VLOOKUP(C18,Data,9,FALSE))/VLOOKUP(C18,Data,7,FALSE),0))))) -> -36.638615 | E18: =-VLOOKUP(C18,Data,2,FALSE)*COS(RADIANS(180*(IF(B18>VLOOKUP(C18,Data,8,FALSE),1,IF(B18>VLOOKUP(C18,Data,4,FALSE),(B18-VLOOKUP(C18,Data,4,FALSE))/VLOOKUP(C18,Data,5,FALSE),0)))+180*(IF(B18>VLOOKUP(C18,Data,10,FALSE),1,IF(B18>VLOOKUP(C18,Data,9,FALSE),(B18-VLOOKUP(C18,Data,9,FALSE))/VLOOKUP(C18,Data,7,FALSE),0))))) -> -13.335365 | F18: 70 | G18: =G$4+VLOOKUP(Lanes!H18,Data,5,FALSE)*(F18/180) -> 126.26013 | H18: =H17 -> 2 | I18: =(Straight-(IF(G18>VLOOKUP(H18,Data,4,FALSE),1,G18/VLOOKUP(H18,Data,4,FALSE)))*Straight+(IF(G18>VLOOKUP(H18,Data,9,FALSE),1,IF(G18>VLOOKUP(H18,Data,8,FALSE),(G18-VLOOKUP(H18,Data,8,FALSE))/VLOOKUP(H18,Data,6,FALSE),0)))*Straight)-VLOOKUP(H18,Data,2,FALSE)*SIN(RADIANS(180*(IF(G18>VLOOKUP(H18,Data,8,FALSE),1,IF(G18>VLOOKUP(H18,Data,4,FALSE),(G18-VLOOKUP(H18,Data,4,FALSE))/VLOOKUP(H18,Data,5,FALSE),0)))+180*(IF(G18>VLOOKUP(H18,Data,10,FALSE),1,IF(G18>VLOOKUP(H18,Data,9,FALSE),(G18-VLOOKUP(H18,Data,9,FALSE))/VLOOKUP(H18,Data,7,FALSE),0))))) -> -37.78504 | J18: =-VLOOKUP(H18,Data,2,FALSE)*COS(RADIANS(180*(IF(G18>VLOOKUP(H18,Data,8,FALSE),1,IF(G18>VLOOKUP(H18,Data,4,FALSE),(G18-VLOOKUP(H18,Data,4,FALSE))/VLOOKUP(H18,Data,5,FALSE),0)))+180*(IF(G18>VLOOKUP(H18,Data,10,FALSE),1,IF(G18>VLOOKUP(H18,Data,9,FALSE),(G18-VLOOKUP(H18,Data,9,FALSE))/VLOOKUP(H18,Data,7,FALSE),0))))) -> -13.75263 | K18: 70 | L18: =L$4+VLOOKUP(Lanes!M18,Data,5,FALSE)*(K18/180) -> 127.75064 | M18: =M17 -> 3 | N18: =(Straight-(IF(L18>VLOOKUP(M18,Data,4,FALSE),1,L18/VLOOKUP(M18,Data,4,FALSE)))*Straight+(IF(L18>VLOOKUP(M18,Data,9,FALSE),1,IF(L18>VLOOKUP(M18,Data,8,FALSE),(L18-VLOOKUP(M18,Data,8,FALSE))/VLOOKUP(M18,Data,6,FALSE),0)))*Straight)-VLOOKUP(M18,Data,2,FALSE)*SIN(RADIANS(180*(IF(L18>VLOOKUP(M18,Data,8,FALSE),1,IF(L18>VLOOKUP(M18,Data,4,FALSE),(L18-VLOOKUP(M18,Data,4,FALSE))/VLOOKUP(M18,Data,5,FALSE),0)))+180*(IF(L18>VLOOKUP(M18,Data,10,FALSE),1,IF(L18>VLOOKUP(M18,Data,9,FALSE),(L18-VLOOKUP(M18,Data,9,FALSE))/VLOOKUP(M18,Data,7,FALSE),0))))) -> -38.931465 | O18: =-VLOOKUP(M18,Data,2,FALSE)*COS(RADIANS(180*(IF(L18>VLOOKUP(M18,Data,8,FALSE),1,IF(L18>VLOOKUP(M18,Data,4,FALSE),(L18-VLOOKUP(M18,Data,4,FALSE))/VLOOKUP(M18,Data,5,FALSE),0)))+180*(IF(L18>VLOOKUP(M18,Data,10,FALSE),1,IF(L18>VLOOKUP(M18,Data,9,FALSE),(L18-VLOOKUP(M18,Data,9,FALSE))/VLOOKUP(M18,Data,7,FALSE),0))))) -> -14.169895 | P18: 70 | Q18: =Q$4+VLOOKUP(Lanes!R18,Data,5,FALSE)*(P18/180) -> 129.24115 | R18: =R17 -> 4 | S18: =(Straight-(IF(Q18>VLOOKUP(R18,Data,4,FALSE),1,Q18/VLOOKUP(R18,Data,4,FALSE)))*Straight+(IF(Q18>VLOOKUP(R18,Data,9,FALSE),1,IF(Q18>VLOOKUP(R18,Data,8,FALSE),(Q18-VLOOKUP(R18,Data,8,FALSE))/VLOOKUP(R18,Data,6,FALSE),0)))*Straight)-VLOOKUP(R18,Data,2,FALSE)*SIN(RADIANS(180*(IF(Q18>VLOOKUP(R18,Data,8,FALSE),1,IF(Q18>VLOOKUP(R18,Data,4,FALSE),(Q18-VLOOKUP(R18,Data,4,FALSE))/VLOOKUP(R18,Data,5,FALSE),0)))+180*(IF(Q18>VLOOKUP(R18,Data,10,FALSE),1,IF(Q18>VLOOKUP(R18,Data,9,FALSE),(Q18-VLOOKUP(R18,Data,9,FALSE))/VLOOKUP(R18,Data,7,FALSE),0))))) -> -40.07789 | T18: =-VLOOKUP(R18,Data,2,FALSE)*COS(RADIANS(180*(IF(Q18>VLOOKUP(R18,Data,8,FALSE),1,IF(Q18>VLOOKUP(R18,Data,4,FALSE),(Q18-VLOOKUP(R18,Data,4,FALSE))/VLOOKUP(R18,Data,5,FALSE),0)))+180*(IF(Q18>VLOOKUP(R18,Data,10,FALSE),1,IF(Q18>VLOOKUP(R18,Data,9,FALSE),(Q18-VLOOKUP(R18,Data,9,FALSE))/VLOOKUP(R18,Data,7,FALSE),0))))) -> -14.587159 | U18: 70 | V18: =V$4+VLOOKUP(Lanes!W18,Data,5,FALSE)*(U18/180) -> 130.73166 | W18: =W17 -> 5 | X18: =(Straight-(IF(V18>VLOOKUP(W18,Data,4,FALSE),1,V18/VLOOKUP(W18,Data,4,FALSE)))*Straight+(IF(V18>VLOOKUP(W18,Data,9,FALSE),1,IF(V18>VLOOKUP(W18,Data,8,FALSE),(V18-VLOOKUP(W18,Data,8,FALSE))/VLOOKUP(W18,Data,6,FALSE),0)))*Straight)-VLOOKUP(W18,Data,2,FALSE)*SIN(RADIANS(180*(IF(V18>VLOOKUP(W18,Data,8,FALSE),1,IF(V18>VLOOKUP(W18,Data,4,FALSE),(V18-VLOOKUP(W18,Data,4,FALSE))/VLOOKUP(W18,Data,5,FALSE),0)))+180*(IF(V18>VLOOKUP(W18,Data,10,FALSE),1,IF(V18>VLOOKUP(W18,Data,9,FALSE),(V18-VLOOKUP(W18,Data,9,FALSE))/VLOOKUP(W18,Data,7,FALSE),0))))) -> -41.224315 | Y18: =-VLOOKUP(W18,Data,2,FALSE)*COS(RADIANS(180*(IF(V18>VLOOKUP(W18,Data,8,FALSE),1,IF(V18>VLOOKUP(W18,Data,4,FALSE),(V18-VLOOKUP(W18,Data,4,FALSE))/VLOOKUP(W18,Data,5,FALSE),0)))+180*(IF(V18>VLOOKUP(W18,Data,10,FALSE),1,IF(V18>VLOOKUP(W18,Data,9,FALSE),(V18-VLOOKUP(W18,Data,9,FALSE))/VLOOKUP(W18,Data,7,FALSE),0))))) -> -15.004424 | Z18: 70 | AA18: =AA$4+VLOOKUP(Lanes!AB18,Data,5,FALSE)*(Z18/180) -> 132.22217 | AB18: =AB17 -> 6 | AC18: =(Straight-(IF(AA18>VLOOKUP(AB18,Data,4,FALSE),1,AA18/VLOOKUP(AB18,Data,4,FALSE)))*Straight+(IF(AA18>VLOOKUP(AB18,Data,9,FALSE),1,IF(AA18>VLOOKUP(AB18,Data,8,FALSE),(AA18-VLOOKUP(AB18,Data,8,FALSE))/VLOOKUP(AB18,Data,6,FALSE),0)))*Straight)-VLOOKUP(AB18,Data,2,FALSE)*SIN(RADIANS(180*(IF(AA18>VLOOKUP(AB18,Data,8,FALSE),1,IF(AA18>VLOOKUP(AB18,Data,4,FALSE),(AA18-VLOOKUP(AB18,Data,4,FALSE))/VLOOKUP(AB18,Data,5,FALSE),0)))+180*(IF(AA18>VLOOKUP(AB18,Data,10,FALSE),1,IF(AA18>VLOOKUP(AB18,Data,9,FALSE),(AA18-VLOOKUP(AB18,Data,9,FALSE))/VLOOKUP(AB18,Data,7,FALSE),0))))) -> -42.37074 | AD18: =-VLOOKUP(AB18,Data,2,FALSE)*COS(RADIANS(180*(IF(AA18>VLOOKUP(AB18,Data,8,FALSE),1,IF(AA18>VLOOKUP(AB18,Data,4,FALSE),(AA18-VLOOKUP(AB18,Data,4,FALSE))/VLOOKUP(AB18,Data,5,FALSE),0)))+180*(IF(AA18>VLOOKUP(AB18,Data,10,FALSE),1,IF(AA18>VLOOKUP(AB18,Data,9,FALSE),(AA18-VLOOKUP(AB18,Data,9,FALSE))/VLOOKUP(AB18,Data,7,FALSE),0))))) -> -15.421688 | AE18: 70 | AF18: =AF$4+VLOOKUP(Lanes!AG18,Data,5,FALSE)*(AE18/180) -> 133.71268 | AG18: =AG17 -> 7 | AH18: =(Straight-(IF(AF18>VLOOKUP(AG18,Data,4,FALSE),1,AF18/VLOOKUP(AG18,Data,4,FALSE)))*Straight+(IF(AF18>VLOOKUP(AG18,Data,9,FALSE),1,IF(AF18>VLOOKUP(AG18,Data,8,FALSE),(AF18-VLOOKUP(AG18,Data,8,FALSE))/VLOOKUP(AG18,Data,6,FALSE),0)))*Straight)-VLOOKUP(AG18,Data,2,FALSE)*SIN(RADIANS(180*(IF(AF18>VLOOKUP(AG18,Data,8,FALSE),1,IF(AF18>VLOOKUP(AG18,Data,4,FALSE),(AF18-VLOOKUP(AG18,Data,4,FALSE))/VLOOKUP(AG18,Data,5,FALSE),0)))+180*(IF(AF18>VLOOKUP(AG18,Data,10,FALSE),1,IF(AF18>VLOOKUP(AG18,Data,9,FALSE),(AF18-VLOOKUP(AG18,Data,9,FALSE))/VLOOKUP(AG18,Data,7,FALSE),0))))) -> -43.517165 | AI18: =-VLOOKUP(AG18,Data,2,FALSE)*COS(RADIANS(180*(IF(AF18>VLOOKUP(AG18,Data,8,FALSE),1,IF(AF18>VLOOKUP(AG18,Data,4,FALSE),(AF18-VLOOKUP(AG18,Data,4,FALSE))/VLOOKUP(AG18,Data,5,FALSE),0)))+180*(IF(AF18>VLOOKUP(AG18,Data,10,FALSE),1,IF(AF18>VLOOKUP(AG18,Data,9,FALSE),(AF18-VLOOKUP(AG18,Data,9,FALSE))/VLOOKUP(AG18,Data,7,FALSE),0))))) -> -15.838953 | AJ18: 70 | AK18: =AK$4+VLOOKUP(Lanes!AL18,Data,5,FALSE)*(AJ18/180) -> 135.2032 | AL18: =AL17 -> 8 | AM18: =(Straight-(IF(AK18>VLOOKUP(AL18,Data,4,FALSE),1,AK18/VLOOKUP(AL18,Data,4,FALSE)))*Straight+(IF(AK18>VLOOKUP(AL18,Data,9,FALSE),1,IF(AK18>VLOOKUP(AL18,Data,8,FALSE),(AK18-VLOOKUP(AL18,Data,8,FALSE))/VLOOKUP(AL18,Data,6,FALSE),0)))*Straight)-VLOOKUP(AL18,Data,2,FALSE)*SIN(RADIANS(180*(IF(AK18>VLOOKUP(AL18,Data,8,FALSE),1,IF(AK18>VLOOKUP(AL18,Data,4,FALSE),(AK18-VLOOKUP(AL18,Data,4,FALSE))/VLOOKUP(AL18,Data,5,FALSE),0)))+180*(IF(AK18>VLOOKUP(AL18,Data,10,FALSE),1,IF(AK18>VLOOKUP(AL18,Data,9,FALSE),(AK18-VLOOKUP(AL18,Data,9,FALSE))/VLOOKUP(AL18,Data,7,FALSE),0))))) -> -44.66359 | AN18: =-VLOOKUP(AL18,Data,2,FALSE)*COS(RADIANS(180*(IF(AK18>VLOOKUP(AL18,Data,8,FALSE),1,IF(AK18>VLOOKUP(AL18,Data,4,FALSE),(AK18-VLOOKUP(AL18,Data,4,FALSE))/VLOOKUP(AL18,Data,5,FALSE),0)))+180*(IF(AK18>VLOOKUP(AL18,Data,10,FALSE),1,IF(AK18>VLOOKUP(AL18,Data,9,FALSE),(AK18-VLOOKUP(AL18,Data,9,FALSE))/VLOOKUP(AL18,Data,7,FALSE),0))))) -> -16.256217 | AO18: 70 | AP18: =AP$4+VLOOKUP(Lanes!AQ18,Data,5,FALSE)*(AO18/180) -> 136.69371 | AQ18: =AQ17 -> 9 | AR18: =(Straight-(IF(AP18>VLOOKUP(AQ18,Data,4,FALSE),1,AP18/VLOOKUP(AQ18,Data,4,FALSE)))*Straight+(IF(AP18>VLOOKUP(AQ18,Data,9,FALSE),1,IF(AP18>VLOOKUP(AQ18,Data,8,FALSE),(AP18-VLOOKUP(AQ18,Data,8,FALSE))/VLOOKUP(AQ18,Data,6,FALSE),0)))*Straight)-VLOOKUP(AQ18,Data,2,FALSE)*SIN(RADIANS(180*(IF(AP18>VLOOKUP(AQ18,Data,8,FALSE),1,IF(AP18>VLOOKUP(AQ18,Data,4,FALSE),(AP18-VLOOKUP(AQ18,Data,4,FALSE))/VLOOKUP(AQ18,Data,5,FALSE),0)))+180*(IF(AP18>VLOOKUP(AQ18,Data,10,FALSE),1,IF(AP18>VLOOKUP(AQ18,Data,9,FALSE),(AP18-VLOOKUP(AQ18,Data,9,FALSE))/VLOOKUP(AQ18,Data,7,FALSE),0))))) -> -45.810015 | AS18: =-VLOOKUP(AQ18,Data,2,FALSE)*COS(RADIANS(180*(IF(AP18>VLOOKUP(AQ18,Data,8,FALSE),1,IF(AP18>VLOOKUP(AQ18,Data,4,FALSE),(AP18-VLOOKUP(AQ18,Data,4,FALSE))/VLOOKUP(AQ18,Data,5,FALSE),0)))+180*(IF(AP18>VLOOKUP(AQ18,Data,10,FALSE),1,IF(AP18>VLOOKUP(AQ18,Data,9,FALSE),(AP18-VLOOKUP(AQ18,Data,9,FALSE))/VLOOKUP(AQ18,Data,7,FALSE),0))))) -> -16.673482 | AX18: X | AY18: Y
